"","USE","BRAND","ALTPHONE","EFF1","EFF2","EFF3","DEF1","DEF2","DEF3","STAY1","STAY2","STAY3","STAY4","UPG1","UPG2","UPG3","UPG4","OPP1","OPP2","OPP3","OPP4","TID1","TID2","TID3","TID4","TIM1","TIM2","TIM3","TIM4","TAB1","TAB2","TAB3","TAB4","TCO1","TCO2","TCO3","TCO4","LCO1","LCO2","LCO3","LCO4","SCO1","SCO2","SCO3","SUN1","SUN2","SUN3","BLC1","BLC2","BLC3","BLC4","UID1","UID2","UID3","BID1","BID2","BID3","BID4","AIM1","AIM2","AIM3","HAB1","HAB2","HAB3","HAB4","ICO1","ICO2","ICO3","IBE1","IBE2","IBE3","IBE4","IAF1","IAF2","IAF3","SEFF1","SEFF2","SEFF3","SEFF4","EU1","EU2","EU3","RAD1","RAD2","RAD3","FAM1","FAM2","FAM3","RPR","ATT1","ATT2","ATT3","EGO1","EGO2","EGO3","GEN","AGE","INC","EXP1","EXP2","EXP3","FREQ"
"1",1,3,2,6,6,5,6,6,4,4,4,6,4,4,4,4,4,2,2,3,1,2,1,1,1,2,2,2,2,2,2,2,2,4,4,4,4,2,2,2,2,3,2,2,5,2,4,4,4,2,1,4,4,4,4,4,4,4,4,1,1,6,6,4,4,1,1,7,1,1,1,4,4,4,1,7,7,7,7,6,6,6,4,4,4,5,6,5,7,6,6,6,1,1,4,0,4,16,7,6,2,4
"2",1,1,2,2,5,2,2,2,2,2,2,6,3,4,3,2,2,6,3,5,7,6,6,6,6,6,6,6,6,6,7,7,4,5,6,7,7,4,3,2,6,6,6,6,7,7,7,7,7,7,7,2,3,5,3,3,3,2,4,3,2,2,1,1,1,2,3,4,3,3,3,2,2,2,2,1,1,1,1,1,3,2,2,3,3,3,1,1,7,1,1,1,1,3,2,1,2,5,2,3,3,5
"3",1,1,2,5,5,5,7,4,5,5,5,6,4,3,5,4,4,3,2,5,4,1,1,1,2,4,3,3,6,6,3,1,1,7,4,6,3,5,5,5,4,7,7,4,3,6,5,7,7,5,2,4,4,4,2,4,4,4,4,5,4,7,7,7,5,7,7,7,2,4,4,5,7,7,5,7,6,7,7,6,6,6,4,4,4,6,6,6,6,5,3,4,2,2,2,1,4,6,3,6,2,4
"4",1,2,1,7,7,7,7,7,7,1,1,4,4,1,1,4,4,1,1,1,1,1,1,1,1,1,1,1,1,1,1,1,1,1,1,1,1,1,1,1,1,7,7,1,6,2,1,6,6,2,6,6,7,5,6,5,6,6,1,4,1,6,6,6,6,1,1,1,4,4,4,4,5,6,1,7,7,1,1,7,7,7,1,1,1,5,1,6,4,6,7,6,6,7,7,0,4,15,4,2,2,4
"5",1,2,1,5,6,5,4,4,6,2,5,3,3,2,2,5,5,2,2,2,2,1,1,1,1,1,1,4,1,4,4,4,4,4,4,4,2,5,6,5,4,3,3,5,2,7,3,4,5,5,2,6,6,4,1,1,1,1,1,1,1,2,2,5,5,2,2,4,5,5,5,5,6,5,5,1,1,5,7,4,4,4,6,6,6,4,3,4,3,1,2,5,1,1,1,0,5,5,1,1,1,3
"6",1,6,2,7,7,6,7,6,4,6,4,3,4,5,5,4,4,4,5,4,4,1,3,5,4,4,4,4,5,4,5,4,5,4,4,5,4,4,4,4,4,4,5,4,4,4,5,3,4,4,3,4,4,5,4,3,4,4,4,4,4,4,4,4,4,4,5,4,4,3,5,4,5,4,4,4,4,4,3,3,5,4,4,5,3,4,4,4,5,4,4,4,4,4,1,1,4,9,5,3,3,5
"7",1,1,2,4,4,1,7,7,5,6,7,7,7,5,6,5,5,4,4,4,4,4,4,4,4,6,5,6,7,4,5,5,5,7,6,6,7,7,7,6,6,7,6,6,5,4,6,6,6,6,6,6,6,6,7,7,7,7,4,4,4,7,7,7,7,6,5,7,5,6,6,7,7,7,5,3,2,2,2,4,4,4,4,4,4,2,3,3,3,4,4,4,4,4,7,0,6,6,2,4,3,1
"8",1,1,2,4,3,3,6,6,6,7,6,6,7,5,5,4,6,4,3,4,4,4,2,2,1,3,4,4,5,4,4,2,4,5,4,4,4,5,5,5,6,3,4,5,3,4,3,5,4,1,1,5,4,4,4,5,5,4,3,4,4,6,6,4,4,6,4,5,3,4,4,5,6,6,4,7,3,3,5,4,4,4,3,3,2,2,2,2,3,2,2,2,4,5,6,0,5,12,2,7,2,3
"9",1,2,1,4,4,4,4,4,4,4,4,4,4,4,4,4,4,4,4,4,4,4,4,4,4,4,4,4,4,4,4,4,4,4,4,4,4,4,4,4,4,4,4,4,4,4,4,4,4,4,4,4,4,4,4,4,4,4,5,5,5,5,5,5,5,5,5,5,5,5,5,5,5,5,5,4,4,4,4,4,4,4,4,4,4,4,4,4,7,1,1,1,1,1,1,1,5,3,1,1,7,4
"10",1,1,2,1,1,2,1,1,1,3,3,3,3,4,3,3,3,3,3,2,3,2,4,3,3,3,4,4,4,4,3,4,4,2,3,3,4,4,4,3,3,2,3,5,3,4,4,3,3,3,5,3,4,3,3,3,3,3,2,3,3,3,3,3,2,4,3,3,3,3,3,2,4,3,4,2,2,3,2,1,2,3,3,3,4,3,6,3,5,1,3,3,5,4,1,0,7,15,3,5,5,6
"11",1,2,1,1,1,1,7,7,7,7,7,7,7,7,7,7,7,7,7,7,7,7,4,4,4,7,7,7,7,7,1,1,7,4,4,4,7,4,7,7,5,4,4,6,4,3,7,7,5,5,4,5,4,5,5,5,5,4,3,1,1,6,6,6,6,6,6,6,6,6,6,7,7,7,6,6,6,4,5,2,2,1,1,1,1,2,2,5,7,5,4,5,5,4,5,0,5,3,4,7,4,6
"12",1,1,2,7,7,4,6,6,1,7,7,5,7,6,6,6,4,2,2,2,3,2,2,1,1,1,1,1,4,4,5,2,3,2,2,2,3,5,5,4,4,5,5,3,4,5,4,4,4,4,4,4,4,4,4,4,4,4,2,2,2,7,7,7,7,6,6,6,5,6,5,7,6,6,4,6,6,7,5,4,3,4,4,4,4,2,2,2,3,6,3,4,2,2,5,1,3,6,1,4,1,4
"13",1,2,1,7,6,3,6,6,5,4,7,4,4,3,2,2,7,2,1,2,1,1,1,1,2,2,1,2,1,1,1,1,1,1,1,1,1,2,2,1,1,7,6,7,4,5,2,4,4,4,4,4,4,4,4,4,4,4,5,5,5,7,4,4,4,6,6,6,4,4,4,4,4,4,4,6,5,7,6,6,5,5,4,5,4,5,5,5,7,1,1,1,1,1,1,1,2,10,1,1,1,3
"14",1,4,2,4,3,3,1,1,1,1,1,1,1,1,1,1,1,2,1,1,1,1,1,2,1,2,1,1,2,1,2,2,2,2,3,1,1,2,3,5,2,3,3,5,1,3,1,1,1,1,1,1,1,4,1,1,1,1,6,6,6,1,1,1,1,1,1,1,1,1,1,1,1,1,1,6,6,7,7,6,6,7,7,7,7,5,2,5,6,6,6,7,2,4,6,1,5,3,2,4,2,4
"15",1,1,2,3,3,5,4,4,3,2,3,1,1,1,1,1,5,5,6,4,6,7,7,7,7,7,7,7,7,7,5,4,3,3,3,3,3,3,3,3,3,3,4,1,3,3,1,1,1,1,1,1,1,4,1,3,2,4,6,6,6,1,1,1,1,1,4,1,4,1,1,1,1,1,3,1,1,1,1,4,5,4,4,6,5,5,4,5,4,2,2,2,4,4,3,1,4,1,3,7,6,5
"16",1,2,1,5,5,6,7,7,7,7,7,6,6,5,5,6,6,4,4,4,3,4,4,3,3,4,4,3,4,4,4,3,4,4,3,4,4,4,4,4,4,5,4,5,5,4,4,4,4,3,4,7,7,6,6,6,6,7,4,4,4,6,6,7,6,6,5,5,6,7,6,6,6,7,6,6,6,3,6,5,4,4,3,3,3,4,5,4,5,5,5,5,5,6,6,0,3,8,3,4,4,6
"17",1,2,1,5,5,5,5,5,6,4,4,4,4,4,4,4,4,3,3,4,4,4,4,4,3,3,3,3,3,3,3,3,3,4,4,4,4,5,4,4,5,4,4,4,4,4,4,4,4,4,4,5,5,6,5,5,6,6,4,5,5,5,5,6,5,5,4,4,5,6,6,6,6,6,4,7,7,6,6,5,4,4,4,4,4,5,5,5,5,6,4,6,5,4,5,0,5,9,2,5,1,4
"18",1,1,2,5,5,4,5,6,5,3,5,4,2,2,4,4,5,3,3,3,2,3,1,3,3,3,2,2,2,3,3,2,2,4,4,4,4,4,4,3,4,5,5,3,4,4,4,3,3,3,3,4,4,4,3,3,3,3,3,3,3,4,4,4,3,5,5,5,4,4,4,5,5,4,3,6,6,6,7,4,4,4,4,4,4,2,1,2,3,1,1,1,1,1,1,0,7,16,2,4,3,3
"19",1,2,1,2,2,2,6,6,6,6,5,7,6,6,6,6,7,5,3,3,2,1,1,1,1,1,1,1,6,1,1,1,1,1,5,1,4,5,5,5,4,5,5,3,4,4,5,5,5,1,1,4,4,4,4,4,4,4,1,1,1,5,5,5,3,6,5,6,1,1,1,5,5,5,1,7,7,7,7,6,6,4,4,4,2,1,1,1,7,3,5,5,1,1,5,1,6,2,3,4,1,3
"20",1,1,2,5,5,4,4,3,3,4,6,4,5,4,5,4,7,1,1,1,1,1,1,1,1,1,1,1,2,1,1,2,2,3,3,4,2,5,5,5,5,3,5,4,3,3,3,3,3,2,2,4,4,4,1,1,3,4,1,1,1,6,5,5,4,6,5,5,4,5,5,4,4,4,3,6,6,5,6,7,6,6,4,4,4,4,5,5,3,4,3,4,2,1,6,0,6,7,1,4,1,3
"21",1,2,1,5,5,4,7,7,7,7,7,6,7,7,7,7,7,4,1,1,1,1,1,1,1,1,1,1,4,4,4,4,4,4,4,4,1,4,4,4,4,2,4,4,5,7,4,5,4,3,1,4,4,4,2,4,4,1,4,2,2,3,2,7,2,6,6,6,4,3,3,5,6,6,2,6,6,7,7,7,7,7,4,4,4,4,4,5,5,2,2,1,4,1,5,1,6,4,3,6,1,4
"22",1,1,2,7,7,7,4,4,5,2,2,1,4,1,1,3,1,4,3,4,1,1,1,1,1,1,1,3,4,4,5,5,5,4,7,5,4,5,6,7,7,4,4,5,4,7,4,7,7,7,2,4,4,4,5,4,5,5,1,1,4,7,4,5,4,3,1,1,2,4,4,4,4,4,3,7,4,6,4,4,3,4,4,4,4,1,5,4,4,5,6,7,4,4,5,0,5,7,2,7,5,4
"23",1,9,2,4,5,4,6,6,4,4,5,3,4,4,5,4,6,4,4,4,4,4,1,3,1,1,1,1,4,2,1,1,1,5,2,4,2,5,5,4,4,4,5,5,2,2,1,3,4,4,4,4,6,6,4,5,4,4,5,5,5,6,6,5,5,6,6,6,6,6,6,5,7,7,3,7,6,6,6,6,6,6,6,6,6,4,4,4,7,3,3,4,4,5,5,1,2,5,2,3,1,4
"24",1,3,2,3,5,1,1,4,1,5,1,1,1,1,2,6,1,4,7,4,4,4,1,4,2,4,3,1,2,1,3,2,2,3,1,5,1,1,1,2,3,2,2,1,2,3,4,2,2,2,1,2,2,2,1,2,4,3,5,2,2,5,3,5,3,3,4,2,3,2,5,3,2,1,3,1,1,1,1,1,1,1,1,1,1,1,1,1,6,1,1,1,1,1,1,1,4,14,4,2,1,7
"25",1,2,1,5,5,2,5,3,6,4,7,5,5,6,7,7,2,4,4,5,3,2,6,1,7,7,7,5,7,5,6,2,7,3,3,5,5,6,7,6,7,5,6,4,7,5,7,6,7,6,2,4,4,4,3,4,5,5,2,6,3,7,6,7,6,2,2,7,3,2,1,1,5,7,2,6,5,7,7,3,2,1,2,1,1,1,7,1,4,6,6,6,1,1,1,0,3,8,4,7,2,3
"26",1,1,2,1,1,3,7,7,4,7,3,5,6,7,4,4,7,7,7,7,7,7,7,7,7,7,7,7,7,4,3,3,2,6,6,5,7,5,1,6,6,1,6,7,4,1,7,6,6,7,7,7,7,7,7,7,7,7,6,7,7,1,1,4,4,6,4,4,4,4,4,7,5,6,7,1,2,1,1,1,3,3,1,1,1,7,1,1,7,7,6,4,6,7,5,1,2,3,1,2,2,4
"27",1,5,2,6,6,5,6,7,6,5,7,6,6,2,4,5,7,4,4,4,4,5,2,3,3,4,5,3,6,6,7,7,6,5,6,4,5,6,5,7,6,6,5,6,4,5,6,1,1,1,1,4,4,4,5,5,6,5,6,5,6,5,7,6,7,6,7,7,7,6,6,6,6,7,7,5,7,6,6,5,6,6,4,4,5,5,5,6,6,6,7,6,1,1,1,1,3,5,2,5,5,6
"28",1,2,1,5,4,4,5,5,4,3,2,4,3,2,2,2,4,2,3,3,3,4,3,6,3,2,2,2,2,3,4,4,6,3,3,3,3,5,6,5,2,5,5,3,5,6,3,5,5,5,5,4,4,4,3,4,3,4,5,5,3,7,7,6,6,3,3,5,6,6,6,5,6,5,2,2,2,5,5,5,4,4,4,4,4,3,5,5,6,5,5,6,3,2,7,1,5,2,1,2,3,4
"29",1,2,1,5,6,4,7,7,7,3,3,3,3,3,3,4,5,3,3,3,3,5,5,5,6,5,4,5,5,4,5,6,6,6,5,5,4,6,6,6,5,7,6,7,7,6,7,4,6,6,6,7,7,6,6,6,6,6,7,7,6,7,7,7,7,5,3,5,6,6,6,6,6,6,7,6,6,5,6,4,4,4,4,4,4,1,1,5,7,6,5,6,1,7,6,0,5,3,2,7,2,3
"30",1,2,1,1,1,1,1,1,1,1,1,1,1,1,1,1,1,4,4,4,4,4,4,4,4,4,4,4,1,1,7,7,7,7,1,1,1,7,4,4,4,4,3,1,1,1,1,1,3,4,7,2,2,2,4,3,3,3,7,7,7,1,1,1,1,1,1,1,1,1,1,1,1,1,3,1,1,3,3,2,3,3,4,4,4,3,4,4,4,2,2,2,4,5,2,1,4,2,5,7,2,4
"31",1,1,2,5,6,5,5,5,4,5,6,6,3,6,5,5,5,6,5,5,4,6,5,5,6,5,4,4,4,5,4,4,4,6,5,5,5,5,5,4,5,6,5,5,4,3,4,5,5,6,5,4,5,4,4,5,4,5,6,6,5,6,5,5,6,6,5,5,6,5,6,5,4,4,4,5,4,6,5,6,6,6,5,6,5,5,5,6,3,6,5,6,6,6,5,1,4,7,2,1,3,4
"32",1,9,1,1,1,1,5,1,4,7,7,3,7,4,5,2,7,4,5,5,3,4,2,5,6,5,5,3,6,2,2,2,6,5,3,6,3,6,5,5,5,6,6,6,4,4,5,7,7,2,1,4,5,5,5,2,4,4,5,7,7,1,1,1,1,7,7,7,1,1,1,4,1,1,1,2,1,7,5,4,3,4,1,1,1,1,1,5,7,1,1,1,1,1,1,1,5,11,1,2,1,1
"33",1,2,1,7,7,7,4,4,4,4,4,4,4,4,4,4,4,4,4,4,4,3,3,3,3,2,2,2,2,2,2,2,2,3,2,3,3,3,2,3,2,5,5,5,5,4,4,4,4,4,5,3,3,3,3,3,3,3,6,6,6,4,4,4,4,4,4,4,4,4,4,4,4,4,4,6,6,6,6,6,6,6,6,6,6,6,6,6,6,6,6,6,6,6,6,0,3,5,2,2,1,5
"34",1,3,2,7,6,7,5,6,6,7,6,5,6,6,5,6,6,6,5,5,6,7,6,5,6,6,5,5,6,7,6,6,7,6,5,5,7,6,5,5,6,7,6,6,6,5,6,6,5,5,6,6,5,6,5,6,5,6,6,5,5,6,5,5,6,6,5,6,5,5,6,5,5,6,6,6,5,5,6,6,5,6,6,5,5,6,5,6,5,6,7,6,6,5,6,0,4,9,4,3,4,6
"35",1,1,2,7,6,5,6,5,5,6,5,5,6,6,5,5,6,6,5,5,6,6,5,5,6,6,5,5,6,6,5,5,6,6,5,5,6,5,5,6,5,6,5,6,6,5,5,5,6,5,6,6,5,5,5,6,5,6,6,5,6,6,5,5,6,6,5,6,6,5,5,6,6,5,5,5,5,6,5,5,6,6,6,5,5,5,5,6,5,5,6,6,6,5,5,0,4,9,6,4,5,6
"36",1,2,1,5,5,7,4,4,4,3,3,2,4,3,4,4,3,4,4,4,3,4,5,4,3,3,3,2,2,3,1,1,1,2,2,5,1,2,2,2,1,3,2,2,5,5,2,3,5,4,4,4,4,4,5,4,5,5,6,7,7,3,5,4,5,5,5,5,5,5,5,5,5,4,2,5,6,3,5,6,6,7,5,6,5,5,6,4,6,5,6,6,5,5,5,0,2,1,2,3,2,6
"37",1,1,2,2,2,2,4,4,5,5,5,5,5,2,6,4,5,2,2,2,2,2,2,2,2,3,2,2,5,1,2,2,3,3,3,5,5,3,7,6,5,6,6,6,4,4,5,5,5,5,4,5,4,5,4,4,5,5,4,6,6,6,6,6,5,4,4,6,4,4,4,5,6,6,4,7,7,2,4,5,5,5,4,3,3,5,6,6,4,2,2,2,2,2,5,0,6,16,4,7,7,3
"38",1,3,2,5,5,4,6,5,6,4,3,4,4,2,2,2,1,4,3,4,2,1,1,4,1,2,1,2,3,2,2,2,2,3,3,4,3,5,4,4,3,5,4,3,5,6,4,3,2,1,1,4,4,4,4,4,4,4,3,5,5,6,5,5,5,4,4,4,3,3,3,4,5,5,3,5,4,5,6,5,4,4,4,4,4,2,4,3,6,2,5,5,2,1,5,1,4,5,1,2,2,4
"39",1,2,1,5,3,1,7,7,7,5,7,5,6,5,7,7,7,4,4,4,4,1,1,1,1,1,1,5,7,5,7,7,6,7,3,6,7,7,7,7,6,5,5,6,6,5,7,7,7,5,2,1,1,1,1,1,1,1,1,7,5,7,6,7,7,5,5,7,7,7,7,7,7,7,7,7,7,7,2,3,4,4,5,5,4,3,1,2,7,1,2,3,1,1,3,1,4,10,1,5,2,3
"40",1,1,2,6,6,5,4,4,4,3,4,3,3,3,4,3,5,3,2,3,1,2,1,1,1,1,1,1,3,1,1,1,1,3,2,2,3,5,5,5,5,5,4,4,5,5,6,5,5,3,3,4,4,4,1,3,3,3,3,3,1,6,5,6,7,3,3,3,5,5,5,5,6,6,3,6,5,7,5,5,5,5,5,5,5,3,3,3,4,3,3,3,2,1,5,0,3,13,3,6,2,5
"41",1,2,1,7,7,7,4,4,4,4,4,4,4,4,4,4,4,4,4,4,4,3,4,4,4,4,4,4,4,4,4,4,4,3,3,3,3,3,3,3,3,3,3,3,3,3,3,5,3,2,2,3,3,3,2,2,2,2,6,6,6,3,3,2,3,6,5,5,5,5,5,5,6,5,5,7,7,7,7,7,7,7,7,7,7,4,4,4,5,7,7,7,7,7,7,0,3,5,2,1,1,6
"42",1,1,2,5,6,6,4,5,5,4,5,4,5,4,4,5,5,4,5,4,5,5,4,5,5,4,3,4,5,3,4,3,4,4,5,4,5,4,5,4,5,5,5,4,3,4,5,5,4,4,5,4,4,4,3,4,3,4,3,4,4,3,4,5,5,4,3,5,4,3,4,5,3,4,5,3,4,4,3,2,3,3,2,2,3,2,3,3,4,4,4,5,4,3,4,0,3,1,1,2,2,5
"43",1,1,2,5,5,6,4,4,4,1,1,2,2,3,2,2,5,2,2,2,1,2,2,2,1,3,2,1,1,2,1,1,5,3,2,2,1,2,5,3,2,2,4,2,2,3,3,2,3,2,2,2,3,2,3,5,4,4,2,4,3,6,4,5,4,5,4,5,3,4,4,3,3,5,4,3,4,4,3,3,4,4,3,4,5,3,4,4,2,3,2,4,2,3,3,0,2,1,3,5,2,6
"44",1,2,1,1,1,1,6,6,6,5,6,6,6,5,6,5,5,3,3,3,3,2,2,2,2,3,3,3,5,3,3,3,3,4,3,3,3,5,5,5,5,5,5,5,4,4,4,3,4,5,4,3,3,3,2,2,2,2,2,2,2,6,6,6,6,5,4,4,3,4,5,5,5,5,5,7,7,7,7,6,6,6,4,4,4,2,2,3,6,3,5,4,3,3,3,1,4,3,3,7,3,4
"45",1,9,1,2,3,2,1,1,1,1,7,1,1,1,1,1,1,1,1,1,1,2,1,1,1,4,2,6,3,6,6,7,6,7,7,7,6,7,3,7,7,7,7,7,6,7,2,1,1,1,1,4,4,4,6,5,3,6,6,6,6,2,1,1,1,1,5,1,3,3,3,1,3,2,6,5,3,6,6,2,3,5,5,5,5,5,5,7,7,1,1,1,1,3,3,1,4,3,1,2,2,1
"46",1,2,1,5,6,7,7,7,7,5,5,6,6,7,7,7,6,6,6,5,7,5,5,6,6,7,7,7,7,6,6,5,6,5,5,6,7,5,6,5,6,5,6,6,6,6,5,4,5,5,6,4,4,6,5,5,6,6,7,7,7,4,4,5,6,6,7,7,7,7,6,6,4,5,6,5,6,6,6,7,7,7,6,6,7,5,5,6,4,5,5,6,4,5,5,0,3,6,5,4,3,4
"47",1,1,2,1,1,1,7,7,7,7,4,7,7,7,7,7,7,4,4,4,1,3,3,2,2,2,2,6,7,7,7,7,7,4,4,5,4,7,7,7,7,7,7,7,7,7,7,7,7,7,5,6,6,6,7,7,7,7,4,4,4,7,7,7,7,5,4,5,5,5,5,5,5,5,3,5,5,5,5,4,4,4,4,4,4,3,3,3,3,4,2,2,5,6,7,1,3,13,3,7,5,5
"48",1,2,1,1,1,1,6,5,5,7,7,7,7,5,6,7,7,4,5,5,5,4,1,1,2,4,4,5,6,4,5,3,5,5,5,5,5,5,5,5,5,5,5,4,4,4,5,7,7,6,1,4,4,4,4,4,4,4,3,1,1,6,6,6,5,7,7,7,6,6,6,6,7,7,5,6,5,5,6,5,5,5,4,4,4,2,2,2,7,1,1,1,1,1,1,1,4,11,2,3,1,2
"49",1,4,2,7,2,7,5,5,2,1,1,2,1,6,6,3,3,1,1,1,1,7,5,4,4,4,4,1,1,3,3,1,2,3,4,4,6,5,3,4,5,4,5,2,4,3,3,4,1,1,4,1,1,1,1,1,1,1,5,1,1,1,1,1,1,1,1,1,1,1,1,1,1,1,1,2,1,3,1,1,1,1,1,1,1,2,7,7,7,7,7,7,1,4,1,1,3,4,1,2,2,4
"50",1,1,2,6,6,6,5,5,5,4,4,4,4,4,4,4,4,4,4,3,1,4,4,4,4,1,1,1,2,1,1,1,1,2,2,1,1,3,1,1,2,4,6,2,1,2,4,5,5,5,5,1,1,1,5,5,5,4,4,5,5,7,7,7,7,4,2,2,1,5,4,6,5,6,1,7,7,7,7,6,6,6,5,5,5,5,6,6,3,6,6,6,6,6,6,0,5,8,2,6,3,4
"51",1,1,2,3,3,3,4,4,4,6,5,6,6,6,6,6,6,4,4,4,4,4,4,4,4,4,4,4,4,4,4,4,4,4,4,4,4,4,4,4,4,4,4,4,4,4,4,4,4,4,4,4,4,4,4,4,4,4,4,4,4,6,6,5,5,6,5,5,5,5,5,5,5,5,4,5,5,5,5,5,5,5,4,4,4,4,4,4,4,3,3,3,4,3,4,1,5,5,3,7,5,5
"52",1,5,2,5,5,3,5,4,5,7,5,4,5,2,3,4,2,3,2,3,2,1,1,1,1,3,1,1,1,1,1,1,1,3,2,1,1,3,4,3,4,1,4,2,3,6,4,4,3,5,1,3,2,1,1,1,1,1,3,1,1,5,5,4,3,5,4,7,4,6,5,6,5,4,3,6,5,4,1,5,4,3,4,3,4,2,1,2,4,2,1,3,1,1,5,0,5,8,3,6,1,2
"53",1,1,2,7,7,7,3,4,4,1,1,1,5,4,4,4,3,5,5,4,7,7,6,7,7,6,7,2,5,6,6,4,4,7,5,7,7,3,3,6,7,5,7,4,7,7,7,6,4,5,7,3,7,5,7,4,3,5,7,4,6,1,5,1,1,4,4,4,5,3,2,4,5,2,7,1,1,1,1,1,2,2,2,5,4,5,7,4,3,1,1,1,1,1,1,1,4,8,6,7,1,7
"54",1,1,2,7,7,6,6,6,6,4,3,4,3,3,2,3,4,1,1,1,1,1,1,7,1,1,1,1,1,1,3,1,3,1,1,1,1,4,5,4,3,2,2,4,1,7,4,4,4,4,1,4,4,4,4,4,4,4,4,5,5,7,7,7,7,4,4,4,4,4,4,4,4,4,4,7,6,4,4,4,4,4,7,7,7,5,5,5,6,5,6,7,5,6,7,0,4,6,4,7,5,7
"55",1,1,2,7,7,7,4,3,1,1,1,1,1,1,1,1,1,6,7,6,7,7,7,6,7,1,1,1,1,2,3,3,1,6,2,3,2,1,1,1,4,3,1,2,3,7,7,4,2,1,7,4,5,6,6,7,5,7,7,6,7,1,1,1,1,1,2,1,1,2,2,1,1,3,1,4,1,3,3,4,7,4,7,7,7,7,3,5,2,1,5,2,5,3,1,1,2,5,2,6,4,4
"56",1,1,2,7,7,7,1,1,1,1,1,1,1,1,1,1,1,4,7,4,4,4,4,4,4,4,4,4,1,4,4,4,4,6,5,5,5,6,5,5,6,5,5,6,5,1,3,5,4,4,4,4,5,5,5,6,6,5,6,7,7,1,1,1,7,4,4,4,3,3,3,3,2,1,3,1,1,7,7,1,1,1,5,6,6,7,7,7,4,7,7,7,7,7,7,1,4,5,1,6,6,3
"57",1,1,2,3,3,5,2,2,2,3,2,3,3,3,3,3,3,4,4,4,7,1,7,7,7,7,7,7,7,7,7,7,7,7,7,7,7,7,7,6,6,7,6,7,7,7,7,7,7,7,7,6,5,4,5,5,5,5,5,5,5,4,4,3,3,3,2,3,4,4,3,4,3,3,5,2,3,2,3,2,2,2,3,3,2,3,3,3,4,3,3,3,3,4,4,1,3,3,4,5,1,5
"58",1,2,1,1,1,1,7,7,7,7,7,7,7,7,7,7,7,7,7,7,7,3,3,1,1,6,6,6,2,2,2,2,2,5,1,1,1,1,1,1,1,5,1,5,1,1,6,7,7,7,1,4,4,4,4,4,4,4,6,5,3,7,7,7,7,7,7,7,7,7,7,7,7,7,7,7,7,7,5,3,3,3,1,1,1,3,5,6,7,1,1,1,3,7,7,1,4,3,1,1,1,4
"59",1,3,1,5,6,6,3,4,5,6,5,5,2,4,5,6,5,3,5,6,3,5,2,4,6,6,3,4,5,6,7,4,3,5,6,6,3,5,3,5,5,2,4,6,5,3,5,6,4,5,6,6,4,5,2,4,5,6,7,3,5,6,3,5,4,3,5,6,6,4,5,4,3,4,5,4,2,2,3,6,3,6,2,3,5,6,4,3,7,2,5,6,6,3,5,1,4,10,2,2,3,4
"60",1,4,2,2,2,1,6,6,6,4,5,4,4,2,3,4,2,4,3,2,1,2,1,3,1,1,1,1,1,1,1,1,2,2,1,1,1,2,2,1,1,5,5,2,3,2,1,2,4,2,2,4,4,4,1,4,4,3,1,1,1,7,7,5,6,6,6,7,2,3,2,3,5,5,1,6,7,7,7,6,5,6,5,5,5,2,2,2,4,1,1,1,1,1,5,1,4,10,6,7,3,5
"61",1,1,2,4,4,4,7,7,7,4,4,4,4,4,6,5,5,2,1,1,1,1,1,1,1,1,1,1,4,2,1,2,2,6,4,6,6,5,3,4,4,7,7,7,5,5,5,6,6,6,2,4,4,4,2,2,2,2,1,1,1,5,5,4,5,5,5,6,3,3,3,6,5,6,6,6,6,6,6,5,4,4,4,4,4,4,4,4,2,4,3,5,2,2,2,1,5,5,2,4,3,3
"62",1,2,1,1,4,4,2,5,3,5,4,3,4,3,3,4,6,7,6,6,7,4,6,5,6,6,7,7,7,6,4,4,2,4,5,6,7,4,4,4,5,5,6,5,5,1,7,5,2,2,3,2,4,4,5,4,4,7,6,3,2,1,2,2,2,6,6,7,6,6,6,5,2,3,5,2,5,1,2,5,5,5,4,4,4,6,3,5,5,4,3,3,3,4,2,0,4,2,3,4,2,4
"63",1,1,2,3,2,3,2,4,2,3,2,3,4,3,2,3,4,2,4,2,3,2,4,2,2,3,4,3,3,2,3,2,4,2,3,2,2,2,2,3,3,2,2,3,3,2,4,2,2,3,3,3,2,2,3,2,4,2,3,3,3,3,2,3,2,3,2,2,2,3,2,2,3,2,3,1,2,2,2,3,3,2,4,2,2,3,3,3,3,3,2,2,3,2,4,1,2,3,2,3,2,6
"64",1,2,1,1,1,1,7,4,4,7,7,7,7,7,1,7,7,4,4,4,7,1,1,1,1,1,1,1,7,1,1,1,1,1,1,1,1,1,1,1,1,1,1,1,4,4,1,7,7,1,1,1,1,1,1,1,1,1,1,1,1,7,7,4,7,7,7,7,1,1,1,7,7,4,1,7,7,7,7,7,7,4,1,1,1,4,4,4,7,1,1,1,1,1,1,0,5,2,1,4,1,1
"65",1,4,2,1,2,1,3,1,7,7,4,3,7,1,1,1,7,1,1,1,1,1,1,4,1,1,1,4,5,7,5,5,7,4,5,7,5,7,7,7,5,7,6,7,7,7,4,5,5,3,1,4,4,4,4,4,4,4,5,7,7,7,5,7,4,7,7,7,4,7,7,7,7,7,1,7,7,7,4,4,4,5,7,7,7,3,5,5,7,1,1,1,1,1,7,1,3,8,1,1,1,1
"66",1,9,2,7,5,4,4,4,4,1,2,1,1,4,1,1,1,1,1,1,1,1,1,1,1,1,1,1,1,1,1,2,1,1,1,2,1,4,4,2,4,4,4,4,4,4,4,1,1,2,1,1,1,1,1,2,1,2,5,2,1,7,7,7,2,2,1,2,1,2,1,2,1,2,1,7,7,7,7,6,7,6,7,7,6,7,7,7,7,2,1,4,4,2,5,1,4,4,3,2,1,6
"67",1,9,2,5,5,6,2,2,5,1,2,3,1,4,4,4,3,4,4,4,3,4,6,4,6,4,4,7,4,4,6,4,6,5,4,4,4,2,3,3,4,3,3,3,4,1,4,5,7,7,7,4,4,4,4,4,3,4,4,4,5,2,1,1,1,1,2,2,4,1,3,3,2,3,4,3,2,5,1,2,3,2,2,4,3,4,4,3,6,3,4,4,4,4,2,1,5,1,3,3,1,5
"68",1,5,2,5,4,2,5,5,5,3,5,4,5,1,5,3,1,1,1,5,1,1,1,1,1,1,1,1,4,1,1,1,1,1,1,1,1,1,1,2,1,3,2,1,1,1,2,2,1,1,1,1,1,1,2,2,2,2,1,1,1,6,6,6,4,7,7,7,7,7,7,7,7,4,1,7,6,6,6,6,6,6,4,4,4,2,2,6,4,1,1,1,1,1,1,0,5,3,3,6,5,3
"69",1,1,2,4,2,2,5,5,4,5,6,6,6,5,7,5,6,1,1,2,1,2,2,1,1,2,2,5,3,4,5,5,5,5,3,1,4,5,5,5,5,5,5,4,5,5,6,4,4,1,1,4,5,4,4,1,2,2,1,2,1,7,6,6,4,4,4,6,4,4,4,5,5,7,1,4,4,7,7,2,2,2,4,4,4,1,2,1,6,1,2,1,1,1,4,1,2,16,1,2,5,4
"70",1,3,2,2,2,3,6,6,6,4,6,2,5,3,2,4,2,4,2,2,1,1,1,1,2,1,1,1,1,1,1,1,1,1,1,1,1,2,2,2,2,3,2,6,1,1,1,2,1,1,1,2,1,1,4,1,1,2,2,5,5,2,2,5,2,4,2,4,1,1,1,3,2,2,1,7,7,4,4,7,7,7,6,6,5,4,7,7,7,1,2,2,4,3,4,1,4,5,1,3,1,4
"71",1,1,2,7,7,5,4,4,4,3,1,1,1,1,1,1,2,1,1,1,1,1,1,1,1,1,1,1,1,1,1,4,6,3,5,1,2,5,7,7,7,5,2,1,2,4,1,1,1,1,1,2,2,3,1,4,4,1,6,7,6,6,4,4,5,4,4,4,1,1,1,1,4,4,1,5,4,6,7,4,4,6,5,4,4,5,1,4,7,3,4,4,5,4,4,0,5,3,2,2,2,1
"72",1,1,2,5,5,4,5,5,5,7,5,7,7,7,7,7,7,4,4,3,3,1,1,1,1,1,1,7,4,7,7,7,7,7,7,7,7,7,7,7,7,6,6,7,7,7,7,5,7,2,1,4,4,4,4,4,4,4,1,1,1,7,7,7,7,7,7,7,5,6,6,6,7,7,7,3,3,5,4,2,2,2,2,3,2,1,5,4,7,4,4,4,3,1,2,1,3,1,1,3,3,5
"73",1,1,2,3,3,4,6,3,4,4,3,4,4,3,4,4,4,3,3,2,3,4,1,1,1,1,1,1,2,1,1,1,1,2,2,2,2,5,5,5,4,7,6,5,5,3,4,6,5,3,4,2,2,2,1,2,2,2,1,2,2,6,5,3,3,2,2,2,5,5,3,4,3,4,5,7,7,7,6,5,5,3,3,3,3,2,3,5,3,2,2,4,1,2,3,1,4,5,1,3,3,3
"74",1,3,2,4,4,4,4,4,4,4,4,4,4,4,4,4,4,4,4,4,4,4,4,4,4,3,1,4,2,4,3,3,5,4,4,4,4,4,4,4,4,4,4,4,3,3,3,4,4,4,4,2,4,3,3,3,3,3,4,4,4,5,4,5,4,4,4,4,4,4,4,4,4,4,4,4,4,4,4,4,4,4,5,4,4,3,3,3,5,2,2,2,2,2,2,1,5,9,3,7,1,3
"75",1,2,1,6,6,6,5,6,6,5,6,5,6,5,6,5,6,5,6,6,5,5,6,5,5,4,6,5,6,4,5,6,6,4,6,4,5,5,7,6,5,6,7,5,5,6,6,4,5,5,6,4,5,6,6,6,6,5,4,5,4,5,5,4,5,5,6,5,4,5,5,4,4,6,5,4,4,6,4,5,6,5,4,5,5,5,4,5,5,6,4,5,5,4,5,0,5,2,2,4,4,5
"76",1,9,2,1,1,1,7,4,4,7,7,7,7,1,4,1,7,1,1,1,1,1,1,1,1,4,4,4,7,1,1,4,1,7,4,7,7,7,7,7,7,1,1,1,4,7,4,7,1,1,1,4,4,4,1,4,1,1,1,7,1,7,7,4,1,7,7,7,4,7,4,5,7,4,7,4,4,4,4,4,4,4,1,1,1,1,1,1,7,1,1,1,1,1,4,1,6,2,1,1,1,1
"77",1,3,1,3,4,4,1,4,5,7,4,5,4,5,4,4,4,4,5,6,4,2,6,4,4,3,5,3,3,3,3,3,2,3,3,5,6,3,3,3,5,3,3,4,7,5,7,7,7,7,7,5,6,7,6,5,7,7,7,3,4,1,2,3,2,3,2,4,4,6,4,4,4,5,4,5,6,4,4,3,2,1,3,3,3,3,4,6,7,7,7,7,7,7,7,1,4,4,1,2,2,4
"78",1,2,1,1,1,1,4,4,4,1,1,1,1,4,4,4,4,4,4,4,4,4,4,4,4,4,4,4,4,4,4,4,4,4,4,4,4,4,4,4,4,4,4,4,4,4,4,4,4,4,4,4,4,4,4,4,4,4,4,4,4,4,4,4,4,1,1,1,1,1,1,1,1,1,1,1,1,4,1,1,1,4,4,4,4,4,4,4,6,1,1,1,1,1,1,0,5,10,1,1,1,1
"79",1,1,2,1,1,1,5,5,5,7,7,7,7,1,1,1,7,1,1,1,1,1,1,1,1,1,1,1,1,1,7,7,7,7,7,7,7,7,7,7,7,7,7,7,1,7,1,4,1,1,1,4,4,4,1,1,1,1,1,1,1,1,1,1,1,4,4,4,7,7,7,7,7,7,7,1,1,1,1,4,4,4,4,4,4,1,1,1,4,1,1,1,1,1,1,1,7,6,1,1,1,1
"80",1,2,1,4,4,7,1,1,1,7,7,7,7,6,6,6,6,6,6,6,6,4,4,5,3,4,5,5,3,4,3,4,4,4,3,4,5,5,5,6,2,4,3,5,4,3,5,4,3,5,5,4,5,5,4,3,4,5,4,5,3,4,5,5,4,4,5,5,4,4,3,5,4,5,5,4,5,5,5,4,3,4,4,4,5,4,4,5,6,3,4,5,4,4,5,0,4,15,4,6,7,7
"81",1,2,1,5,5,5,6,6,6,6,6,6,6,6,6,6,6,3,3,3,3,3,3,6,3,3,3,3,4,3,3,3,3,3,3,3,3,3,3,3,3,5,5,4,3,5,4,5,4,5,4,6,6,6,6,6,6,6,5,5,5,6,6,6,6,6,6,6,6,6,6,6,6,6,6,5,5,5,5,5,5,5,4,4,4,3,3,3,4,4,4,4,4,4,5,0,4,4,4,7,1,6
"82",1,6,2,7,7,6,4,4,4,1,1,3,2,1,2,2,7,4,5,4,1,3,3,7,4,4,1,1,1,1,1,1,1,4,4,7,4,7,7,4,4,4,1,5,1,1,2,1,1,1,1,7,7,7,4,4,4,4,7,7,7,7,7,7,7,7,4,4,1,1,7,1,4,4,2,5,1,1,4,7,7,7,7,7,7,4,4,4,6,7,7,7,1,7,7,0,4,2,2,3,1,4
"83",1,1,2,6,4,1,4,4,5,6,4,5,7,6,7,6,6,4,4,4,1,4,3,4,4,6,5,4,7,6,1,1,1,1,1,1,2,2,4,4,3,4,4,3,4,4,7,6,5,1,1,5,5,4,5,6,6,6,2,2,4,7,7,7,7,5,4,4,5,6,6,7,7,7,4,6,6,7,7,6,6,6,3,3,3,1,3,1,4,5,5,4,5,5,6,0,5,6,3,5,5,3
"84",1,2,1,3,4,3,6,6,2,6,6,5,5,5,6,5,5,6,5,6,6,5,3,5,2,5,2,4,5,6,5,6,5,6,4,6,5,6,4,5,5,2,4,5,5,4,5,3,5,6,4,5,4,5,6,5,6,7,6,5,5,6,4,5,5,6,4,6,3,4,5,6,3,4,5,6,4,5,3,5,6,3,2,4,6,6,4,6,4,6,3,5,5,3,5,1,2,3,2,3,1,5
"85",1,4,2,5,5,4,6,7,6,5,5,4,4,2,4,4,5,4,4,1,1,1,1,4,1,1,1,1,4,1,1,1,1,1,4,4,4,1,1,1,2,4,4,3,2,6,3,1,1,1,1,4,4,4,1,1,1,1,1,1,1,7,7,7,7,7,7,7,7,7,7,4,4,4,1,5,4,6,6,4,4,4,6,7,7,1,1,1,7,1,1,1,1,1,1,1,4,3,1,4,4,4
"86",1,1,2,7,7,7,7,7,4,4,4,4,7,4,4,4,4,4,1,7,1,7,1,1,1,1,1,1,1,1,1,1,1,1,1,1,1,1,1,1,1,1,1,1,1,1,1,1,1,1,1,7,7,1,7,7,7,7,1,1,7,7,1,7,1,7,1,7,4,4,4,4,4,4,1,7,7,7,7,7,7,7,4,4,4,7,7,7,5,7,7,7,7,7,7,1,5,1,2,7,1,7
"87",1,1,2,1,1,1,1,7,7,7,7,7,7,7,7,7,1,7,7,7,4,1,1,1,1,4,1,7,7,7,1,1,1,1,1,1,1,1,4,4,2,4,4,4,4,4,5,4,3,1,1,5,1,3,1,1,1,1,1,1,1,7,4,7,6,1,1,4,1,1,1,1,1,4,3,1,7,7,7,4,4,3,1,1,1,1,1,1,4,3,4,3,3,1,1,0,5,3,4,7,1,4
"88",1,6,2,6,5,4,5,5,5,4,5,4,4,3,4,3,5,3,3,2,2,3,2,3,2,2,2,2,2,2,2,2,3,3,3,2,2,3,3,2,2,4,4,4,4,4,4,3,3,2,2,3,2,2,3,2,3,3,5,5,4,5,3,3,5,6,6,6,6,6,6,5,6,6,3,6,4,6,6,4,4,4,4,4,4,3,5,4,6,2,2,4,4,5,5,0,4,5,1,2,2,3
"89",1,2,1,7,7,7,7,7,5,4,4,4,4,4,5,4,2,4,4,4,1,3,3,3,1,4,4,4,4,3,3,2,1,5,3,5,3,2,2,2,2,4,4,4,4,4,4,4,4,4,4,5,5,5,5,5,4,4,2,2,2,5,5,5,5,4,4,4,5,5,4,4,4,4,3,7,7,7,7,7,7,6,4,4,4,1,4,3,5,7,7,7,7,6,6,0,4,9,7,4,3,7
"90",1,4,2,6,6,7,6,7,7,6,6,5,3,3,3,4,6,3,4,2,2,2,2,3,1,3,2,2,1,2,4,3,5,4,3,3,2,4,5,5,4,7,6,5,6,4,2,3,4,5,2,3,3,3,5,5,4,6,6,6,5,6,7,6,7,6,7,6,6,7,7,6,6,6,3,4,3,7,6,6,5,5,7,6,6,6,5,6,6,6,6,7,6,6,5,0,4,1,1,2,2,5
"91",1,2,1,1,1,5,3,5,3,4,2,4,3,5,5,6,7,5,7,7,7,7,7,7,7,7,7,7,5,7,7,7,5,5,7,6,7,3,5,2,5,3,3,6,5,4,6,7,7,7,7,7,7,7,7,7,7,7,4,3,4,3,3,5,3,3,3,2,3,2,2,3,2,4,6,3,5,3,5,1,2,2,4,4,3,7,7,3,6,7,7,7,7,7,7,0,4,6,2,3,1,2
"92",1,2,1,1,4,1,7,7,7,7,7,7,7,7,7,7,4,4,4,4,2,4,4,1,2,6,4,7,7,4,7,7,7,7,6,6,7,6,7,7,7,5,5,7,7,7,7,7,7,7,4,7,7,7,6,7,7,4,5,4,3,7,7,7,7,7,6,6,6,7,7,7,7,7,7,7,6,7,7,3,2,2,1,1,1,1,3,2,6,6,6,6,6,6,7,1,5,5,5,7,1,6
"93",1,1,2,4,3,1,6,6,6,7,7,7,7,7,7,7,7,3,3,3,3,6,5,5,5,6,6,6,7,6,6,6,6,6,6,6,6,7,7,6,6,7,6,6,5,6,5,7,7,7,7,6,6,6,7,7,7,7,3,2,2,7,7,7,7,5,5,5,5,5,5,5,6,6,6,5,5,5,5,4,4,4,3,3,3,3,2,2,5,4,3,5,4,5,5,1,4,11,4,5,5,3
"94",1,1,2,5,5,4,4,3,2,4,5,4,4,3,4,4,7,4,2,3,1,2,1,1,1,4,2,4,1,4,4,4,4,3,4,4,3,4,5,4,5,4,5,6,6,6,4,6,7,6,2,4,4,4,2,3,2,2,4,4,5,7,6,6,6,5,5,4,6,5,6,5,6,5,6,6,6,7,6,5,4,4,5,5,5,2,3,3,4,6,7,7,5,6,7,0,5,8,5,7,6,4
"95",1,1,2,7,7,7,7,7,7,1,2,1,1,1,1,1,1,7,7,7,7,7,7,7,7,4,4,3,1,7,5,3,4,4,5,4,7,4,3,2,5,5,4,1,3,3,5,4,5,7,7,2,6,3,4,5,7,3,4,5,6,2,3,3,1,5,4,4,7,4,5,6,2,1,2,2,4,4,2,3,3,3,3,4,3,3,6,7,3,7,7,4,4,5,4,0,5,8,2,4,4,7
"96",1,2,1,1,1,2,7,7,1,2,4,4,3,1,2,2,3,3,3,3,3,3,2,2,2,2,2,2,3,3,3,3,3,2,2,2,2,2,2,2,2,2,2,2,2,2,2,2,2,2,2,2,2,2,2,2,2,2,2,2,2,2,2,2,2,2,2,2,2,2,2,2,2,2,2,2,2,2,2,2,2,2,2,2,2,2,2,2,3,2,2,3,3,3,3,0,4,8,3,6,1,5
"97",1,1,2,3,3,4,2,2,1,2,1,3,1,3,3,3,1,6,5,5,7,3,6,4,7,6,7,3,3,5,2,4,1,4,4,4,6,1,1,1,3,1,1,1,4,1,4,3,3,6,7,2,4,4,3,4,3,4,3,1,3,1,1,1,3,2,2,1,1,1,1,1,1,1,2,2,4,1,1,3,3,4,1,2,3,7,7,4,6,3,4,3,4,4,1,1,4,3,1,7,7,4
"98",1,2,1,1,1,1,1,1,1,7,7,7,7,1,1,1,7,7,1,1,1,1,1,1,1,1,1,1,1,1,1,1,1,7,7,7,7,7,7,7,7,7,7,7,7,7,7,7,4,4,1,4,4,4,1,1,1,1,1,1,1,7,7,7,7,1,1,1,1,1,1,1,7,7,1,5,5,7,7,4,4,3,1,1,1,1,1,1,7,1,1,1,1,1,1,1,4,10,1,3,3,3
"99",1,4,2,4,6,7,1,1,1,1,1,1,1,2,3,3,1,5,4,4,6,1,7,1,7,5,7,7,4,3,1,1,1,1,2,2,4,1,1,1,1,1,1,3,3,3,3,4,4,3,5,4,4,4,6,4,5,4,5,7,7,1,1,1,1,1,1,1,1,1,1,1,1,1,1,5,5,5,3,5,4,5,4,4,4,6,7,7,6,7,7,7,2,3,4,1,5,9,1,4,1,4
"100",1,1,2,1,1,1,5,1,1,1,1,1,1,1,1,1,1,1,1,4,4,1,1,1,1,1,1,1,1,7,4,4,7,7,7,7,7,7,7,7,7,7,7,7,4,7,7,7,4,7,7,1,1,1,1,1,1,1,4,6,6,7,7,7,7,7,7,7,4,7,7,7,7,7,7,7,7,7,7,5,5,3,7,7,7,4,1,1,4,1,1,1,1,1,1,1,5,10,2,3,1,5
"101",1,2,1,1,1,1,7,7,7,7,7,7,7,7,7,7,7,4,4,4,4,4,4,4,4,4,4,4,7,1,1,1,1,1,1,4,1,1,2,1,2,4,4,7,6,7,6,7,6,1,1,4,4,4,4,4,4,4,4,6,4,7,7,7,7,7,7,7,7,7,7,7,7,7,1,7,7,4,4,4,4,4,1,1,1,4,4,4,7,7,7,7,4,4,7,1,4,12,3,7,1,4
"102",1,6,2,4,3,4,6,5,4,6,5,5,5,4,4,4,7,3,4,4,4,4,4,3,5,5,4,5,3,4,4,5,4,4,4,4,3,4,4,4,5,4,4,4,4,4,4,4,4,4,4,4,3,4,4,4,5,5,3,4,4,4,4,4,4,4,5,4,5,5,4,4,5,5,4,5,4,4,4,4,4,5,4,4,4,5,4,4,4,4,4,5,4,4,4,0,5,11,5,7,2,7
"103",1,2,1,5,4,3,3,3,3,3,3,2,2,5,3,3,3,3,4,3,2,3,3,3,2,3,4,3,2,5,5,4,3,4,3,4,3,5,5,3,3,6,5,5,5,5,3,3,4,3,3,5,5,5,4,4,4,3,4,5,4,3,3,4,2,5,5,5,5,5,5,4,5,4,5,2,3,4,5,5,4,4,3,3,3,1,1,2,6,1,1,1,2,3,3,0,6,7,1,1,1,1
"104",1,2,1,6,5,3,1,1,1,1,1,1,1,4,2,4,2,2,1,1,1,1,1,1,1,1,1,1,1,5,1,1,1,7,1,7,6,1,1,1,1,1,1,3,1,1,1,6,6,1,6,2,2,7,1,1,1,1,7,7,7,4,4,6,7,7,7,7,7,7,7,7,7,1,2,7,7,4,5,7,7,7,7,7,7,1,7,6,7,7,7,7,7,7,7,1,6,7,2,5,3,4
"105",1,2,1,7,7,5,7,7,7,6,7,4,4,5,5,4,6,4,4,4,1,1,1,5,1,1,7,1,4,1,5,5,6,5,6,6,3,7,6,6,6,6,7,7,2,6,1,4,4,2,1,4,4,4,4,4,4,4,5,5,4,7,7,7,7,5,6,7,6,6,6,6,7,7,5,7,5,6,4,3,3,3,4,5,4,2,2,3,7,5,5,6,1,1,1,1,5,6,2,4,1,4
"106",1,6,2,6,7,7,3,4,5,1,1,4,3,4,4,5,1,4,1,2,4,1,1,1,1,1,1,1,1,1,2,4,1,3,1,3,2,5,5,4,3,4,5,5,7,6,5,7,7,7,4,4,4,3,4,5,5,5,3,1,1,7,7,7,7,7,6,7,4,5,6,1,6,5,4,7,7,7,7,5,5,6,5,4,4,1,1,1,7,4,3,2,1,1,5,0,5,2,1,6,4,2
"107",1,1,2,1,1,1,6,2,4,6,7,6,7,5,5,6,7,4,3,4,4,1,1,1,1,1,1,7,5,2,5,3,6,5,6,4,7,7,7,7,7,6,6,6,7,7,7,5,6,3,1,7,5,4,4,5,4,4,1,1,1,7,7,7,4,5,5,7,6,6,6,7,7,7,7,6,6,2,2,3,4,4,4,4,4,1,1,1,2,1,1,4,1,1,4,1,5,5,1,2,2,6
"108",1,6,1,4,4,2,5,5,5,7,7,7,7,7,7,7,7,1,1,1,1,1,1,1,1,1,1,4,4,1,1,1,1,1,1,1,1,2,1,1,1,1,2,1,1,1,1,4,4,1,1,5,5,5,5,5,5,5,2,5,5,7,7,5,5,6,6,6,7,7,7,7,7,7,7,7,7,7,7,7,7,7,2,2,2,4,4,4,7,1,1,1,3,2,5,1,3,11,1,1,1,6
"109",1,1,2,1,1,1,4,4,4,3,7,3,3,3,3,3,7,1,1,1,1,7,1,1,1,1,1,1,1,1,1,1,1,4,5,5,4,7,7,7,7,7,7,3,3,5,4,5,4,5,3,4,4,4,1,1,1,1,1,1,1,3,3,3,3,1,1,1,1,1,1,5,5,4,5,1,1,1,1,1,1,1,4,4,4,1,5,4,7,1,1,1,1,1,1,1,6,9,1,1,1,1
"110",1,2,1,4,4,4,7,7,7,7,7,7,7,7,7,7,4,4,4,4,1,1,1,1,1,1,1,1,7,1,1,1,1,4,4,4,4,1,1,1,5,4,1,4,4,4,4,4,4,4,4,4,4,4,4,4,3,4,4,4,4,7,7,7,7,7,7,7,7,7,7,7,7,7,7,7,7,7,7,4,4,4,4,4,4,4,4,4,4,4,4,4,4,4,7,1,5,4,1,7,4,4
"111",1,2,1,1,1,2,6,6,6,5,6,4,5,4,5,4,6,5,4,4,3,4,4,2,2,4,2,3,2,4,5,4,6,6,4,4,5,5,4,5,5,4,3,5,5,6,4,4,4,4,3,4,4,4,3,4,5,4,4,4,4,6,5,5,5,5,5,5,5,5,5,5,6,5,6,4,4,4,5,3,3,4,4,4,4,2,3,3,5,2,2,2,3,3,4,1,7,13,1,2,2,2
"112",1,1,2,5,6,5,4,4,5,3,4,4,4,3,4,5,4,2,1,1,1,1,1,5,1,1,1,1,1,1,2,2,2,3,3,2,2,4,4,5,4,4,4,5,4,5,4,4,4,3,3,4,4,4,3,4,5,4,4,3,4,5,4,5,5,5,4,6,5,5,5,6,6,6,4,4,4,5,6,4,5,5,4,4,4,3,4,3,5,5,4,3,2,2,3,0,3,11,4,7,1,4
"113",1,1,2,6,6,6,6,5,5,4,5,5,5,4,4,4,4,4,4,4,4,5,5,5,5,5,5,5,5,5,5,5,5,4,4,4,4,6,5,5,5,6,6,6,5,5,5,4,4,4,4,6,5,5,6,5,5,5,5,5,5,6,6,5,5,5,6,6,5,5,5,5,5,5,5,5,4,5,5,5,5,5,4,4,4,4,4,4,4,4,5,5,4,4,5,1,3,16,2,4,3,5
"114",1,2,1,6,5,4,5,5,4,5,5,4,5,5,5,5,5,4,4,3,2,2,2,1,2,1,1,1,2,2,3,5,6,5,5,5,4,5,6,5,5,5,5,5,4,3,3,3,3,3,3,4,4,4,1,2,1,1,4,5,5,6,5,5,5,5,5,5,5,5,6,6,6,5,4,4,4,5,5,5,5,4,5,5,5,2,1,1,6,4,4,4,2,1,4,0,5,3,2,6,1,3
"115",1,2,1,2,1,1,7,6,6,7,7,7,7,6,5,6,7,4,4,4,4,4,4,4,4,4,4,4,4,4,4,4,4,4,4,4,4,4,4,4,4,4,4,4,4,4,4,4,4,4,4,5,6,6,6,7,7,6,5,6,6,7,7,6,7,6,7,7,7,7,7,7,7,7,7,6,6,6,7,4,4,4,4,4,4,1,1,1,4,2,1,4,4,4,5,0,5,3,1,2,5,5
"116",1,1,2,5,5,5,5,5,5,3,4,3,4,2,4,2,4,1,1,1,1,2,2,4,1,1,1,1,1,1,1,1,1,1,1,1,1,1,1,1,1,1,1,1,1,1,1,1,1,1,1,4,4,4,4,4,4,4,4,4,4,6,6,6,6,2,2,2,2,2,2,2,4,4,4,4,4,4,4,5,5,5,4,4,4,4,4,4,4,4,4,4,4,4,4,0,6,15,2,7,2,5
"117",1,1,2,2,3,3,5,6,7,2,6,6,7,7,7,7,4,7,7,6,7,6,7,5,5,2,7,7,6,7,7,3,2,7,7,4,3,2,1,3,2,2,2,6,2,2,2,4,6,7,7,5,6,5,7,7,7,7,5,3,2,1,6,3,4,7,7,7,7,7,7,7,7,3,7,3,2,4,3,3,5,4,3,2,4,4,3,3,2,1,1,1,7,7,1,0,4,7,3,7,3,4
"118",1,1,2,3,4,4,6,6,6,6,5,6,5,6,5,5,5,3,2,3,2,3,3,2,2,2,2,2,2,2,2,2,3,4,3,4,3,5,5,5,4,5,5,3,4,4,5,5,5,4,4,5,5,5,4,4,4,4,4,4,4,6,5,6,5,5,5,5,4,5,5,6,6,6,5,5,3,3,5,4,4,4,4,4,4,4,3,4,4,4,4,5,3,3,5,0,4,5,1,2,2,4
"119",1,6,1,2,2,2,7,7,6,6,6,6,6,4,6,6,7,3,3,3,3,5,4,3,1,4,3,3,5,5,6,6,6,7,7,7,7,7,6,6,6,7,6,6,4,5,6,4,4,4,4,4,4,4,3,4,4,4,5,7,7,1,1,5,4,6,6,6,6,6,6,6,6,6,6,3,4,4,6,3,3,3,4,4,4,3,3,3,7,1,1,1,3,3,4,1,3,14,1,2,2,2
"120",1,1,2,4,4,4,4,3,4,3,5,4,5,3,5,3,5,2,4,3,5,5,4,3,3,4,3,5,3,3,5,2,4,3,6,3,3,5,4,4,3,5,3,4,4,2,5,2,6,4,4,6,6,5,4,4,4,2,3,3,4,5,4,4,3,6,3,4,3,3,3,3,5,2,3,5,4,4,4,1,2,3,2,5,3,4,5,2,4,4,5,4,2,4,5,1,5,4,3,2,2,3
"121",1,2,1,7,7,7,7,7,5,7,7,6,7,7,7,7,6,7,6,6,6,7,6,6,6,6,6,6,7,7,7,7,7,7,6,7,6,7,6,7,7,6,6,6,7,7,7,7,7,7,7,7,6,6,7,7,7,7,7,6,6,7,7,7,7,7,6,6,7,7,7,6,7,7,7,7,7,7,7,7,7,7,7,7,7,7,7,7,4,7,7,7,7,6,6,0,4,5,2,4,1,7
"122",1,2,1,7,7,7,7,7,7,4,7,4,4,4,4,4,4,1,1,1,1,1,1,1,1,1,1,1,1,1,1,1,1,3,2,2,1,2,3,2,2,3,2,3,2,2,1,3,3,4,3,5,5,4,7,7,7,7,1,4,3,7,7,7,7,4,3,4,3,4,4,7,7,7,3,7,7,7,7,7,7,7,5,4,4,5,7,7,6,6,6,6,7,6,7,0,5,9,4,7,2,6
"123",1,1,2,1,1,1,5,5,5,5,5,5,5,7,7,7,7,6,4,4,4,4,4,4,4,4,4,6,6,7,7,5,5,6,6,6,7,6,6,7,6,7,6,4,7,7,7,7,7,6,6,4,4,4,5,4,4,4,1,1,1,7,7,7,7,7,7,7,5,7,7,7,7,7,6,7,7,4,6,1,1,1,1,1,1,1,1,1,6,2,1,1,4,4,4,1,2,4,2,5,4,4
"124",1,1,2,2,2,2,2,2,2,2,5,4,4,2,2,4,7,1,2,4,4,1,1,1,1,1,1,1,2,3,4,4,4,4,2,2,2,5,5,5,4,6,6,2,4,4,4,6,4,4,1,3,3,3,4,4,4,4,4,5,4,6,4,4,2,2,2,4,2,2,2,4,5,5,5,6,6,4,6,6,6,6,4,4,4,4,2,2,6,4,4,4,1,1,1,1,3,2,3,5,2,4
"125",1,2,1,1,1,1,7,7,7,7,7,7,7,7,7,7,5,4,4,4,4,1,1,1,1,4,4,4,7,3,3,4,3,6,4,3,3,4,4,3,4,1,6,7,7,6,5,2,7,7,4,4,5,4,5,5,5,5,4,3,3,7,7,6,7,6,5,6,5,7,6,7,7,6,6,6,6,6,6,6,5,6,4,5,4,4,4,4,6,5,5,5,4,3,7,0,5,10,2,4,1,5
"126",1,1,2,3,3,4,2,3,3,4,3,4,4,4,3,4,3,4,4,4,5,5,5,5,6,6,5,4,4,4,4,4,5,4,4,4,4,4,3,3,4,3,3,3,4,4,4,4,4,4,4,4,4,4,4,4,4,4,5,6,5,2,2,2,3,3,4,4,4,4,4,4,3,3,5,3,3,3,3,3,3,3,4,4,4,6,5,5,3,3,3,3,4,4,3,0,4,16,4,6,2,5
"127",1,1,2,2,2,2,5,5,4,3,3,6,5,5,5,5,5,4,4,4,4,3,3,3,3,3,3,3,3,3,3,3,3,6,3,4,4,5,5,5,5,6,6,6,5,5,5,5,5,5,5,5,5,4,4,4,4,4,5,5,5,6,6,6,5,5,5,5,5,5,5,5,5,5,5,2,2,5,5,5,4,4,4,4,4,4,2,2,5,2,2,2,3,3,5,0,5,5,1,1,1,3
"128",1,1,2,2,2,1,3,2,2,6,4,4,6,4,4,4,7,3,2,2,1,2,2,1,1,2,2,2,3,1,2,5,3,4,3,2,5,5,5,5,5,5,5,3,4,6,4,4,2,2,2,2,2,4,1,3,3,2,1,1,1,1,1,4,2,5,5,5,2,3,2,3,4,3,2,2,1,5,5,3,4,4,3,1,2,3,4,5,5,1,2,1,1,1,1,0,6,12,2,3,1,4
"129",1,2,1,5,5,1,5,5,2,5,3,5,5,3,4,5,5,1,1,1,3,5,7,4,7,7,7,6,7,2,1,1,2,6,6,4,6,2,1,2,3,4,1,1,7,3,7,7,4,4,3,5,5,4,5,4,4,5,4,5,3,6,6,7,5,1,1,4,1,2,1,4,5,6,3,7,6,7,7,5,5,3,1,1,1,6,7,7,6,7,7,7,5,3,7,0,2,1,5,3,2,5
"130",1,3,1,3,3,5,6,6,6,3,4,5,5,5,5,5,5,4,4,4,4,3,4,4,4,4,3,4,5,6,4,4,5,6,6,5,5,5,6,5,5,5,5,6,4,4,4,5,5,5,4,5,5,5,5,5,3,5,4,4,4,5,5,5,5,4,4,4,4,4,4,4,5,5,5,6,5,6,6,5,5,4,5,5,5,5,5,5,6,6,5,6,5,6,6,1,3,8,2,4,4,5
"131",1,4,2,4,4,4,5,5,5,1,4,4,4,3,3,3,4,3,3,3,3,3,1,4,3,3,2,2,3,2,2,2,2,5,4,4,4,5,5,5,4,5,4,3,4,5,3,4,3,3,2,4,4,4,4,4,5,4,4,5,5,5,5,5,5,5,5,5,4,4,4,4,4,4,3,7,6,6,4,5,5,5,5,5,5,3,3,4,7,1,1,1,1,1,1,1,6,8,1,2,2,3
"132",1,2,1,3,3,2,4,4,4,5,6,4,5,4,4,5,6,4,4,4,4,4,4,4,4,4,4,4,4,4,5,5,5,5,5,5,6,5,5,6,5,5,5,5,4,4,4,4,4,4,4,4,4,4,1,4,4,4,4,4,4,4,4,5,4,5,5,5,4,4,5,4,5,5,4,4,3,5,4,4,4,4,4,4,4,2,4,3,5,2,2,2,1,2,2,0,5,11,1,3,1,4
"133",1,2,1,4,4,4,6,5,4,4,4,4,4,5,7,6,6,4,5,4,4,4,5,5,4,4,4,5,5,4,4,4,4,4,6,6,7,5,5,6,5,5,6,5,4,5,5,5,4,4,4,6,6,6,5,5,4,4,3,3,3,5,4,4,4,6,5,5,6,6,4,5,7,6,4,4,4,4,4,2,2,2,3,5,5,3,3,3,6,5,4,4,5,5,5,0,3,1,1,4,1,6
"134",1,1,2,2,1,1,6,7,6,5,7,6,5,5,6,6,5,2,2,1,2,2,1,5,2,5,3,4,6,1,3,2,5,5,5,5,3,5,6,5,5,6,5,3,5,6,5,5,5,3,3,4,4,3,3,4,4,4,1,5,5,5,5,6,6,5,4,6,5,6,6,7,7,6,6,5,5,4,6,4,4,4,4,4,4,1,1,1,3,1,1,1,1,1,4,1,5,10,1,1,1,1
"135",1,2,1,1,1,1,4,4,5,7,4,5,4,6,6,6,7,5,5,6,4,5,7,3,7,7,7,7,7,7,6,6,6,4,4,4,4,5,5,6,5,7,5,5,7,7,6,4,4,1,1,4,4,4,4,4,4,4,4,1,1,7,7,7,7,4,4,5,6,6,6,5,7,6,4,6,5,5,7,4,4,4,4,4,4,1,1,1,7,5,3,4,5,5,5,1,3,5,4,7,1,4
"136",1,1,2,4,5,2,5,4,5,4,5,4,4,3,5,4,3,4,2,3,1,2,1,1,1,1,1,1,1,1,1,1,1,3,2,2,3,2,3,3,2,4,3,4,5,7,4,4,5,3,1,3,4,3,3,5,5,4,1,1,1,6,6,6,6,4,4,4,4,4,5,6,6,6,1,7,6,7,7,4,4,4,3,4,4,1,1,4,3,4,4,5,4,4,5,1,4,5,1,7,7,4
"137",1,1,2,6,5,5,6,6,5,6,4,6,5,6,6,5,4,3,6,5,6,5,6,4,6,4,6,6,6,4,4,4,4,4,4,4,4,6,5,6,5,5,5,5,5,5,5,2,3,5,6,4,4,4,6,4,5,5,4,5,5,2,1,1,1,1,1,5,1,1,1,1,1,1,4,4,4,1,1,2,2,2,4,4,4,3,2,4,4,4,4,4,4,4,6,1,5,12,1,2,2,4
"138",1,2,1,1,1,1,7,7,7,7,7,7,7,6,6,6,7,4,3,3,1,5,5,5,5,6,5,6,6,5,5,6,6,4,5,4,4,6,7,5,5,5,4,4,6,5,4,4,3,2,1,5,4,4,4,5,5,4,5,5,4,4,4,5,5,5,5,5,4,4,3,7,7,7,6,5,4,5,4,4,4,4,3,4,4,2,1,1,4,1,1,3,1,4,6,1,4,3,1,1,1,3
"139",1,1,2,4,4,3,6,6,6,6,5,6,6,6,6,5,6,4,3,3,1,1,1,1,1,4,1,2,4,5,5,5,5,3,4,3,2,5,5,5,5,5,5,5,5,5,4,5,5,5,3,4,4,4,2,4,4,4,2,2,2,5,5,5,5,4,5,6,3,5,5,5,6,5,3,6,5,3,5,4,4,4,4,4,4,2,2,2,3,4,5,5,2,2,5,1,6,5,1,5,2,5
"140",1,2,1,6,6,6,5,4,4,3,4,3,3,2,2,2,5,2,2,2,1,1,1,5,1,3,3,7,2,2,2,2,5,3,1,2,2,5,5,5,5,6,5,5,2,5,5,5,5,2,2,4,4,4,2,4,4,4,6,6,6,7,7,5,7,3,3,2,2,2,2,4,5,5,3,7,7,7,4,7,6,7,6,6,5,4,6,6,7,4,4,4,1,1,3,1,5,4,4,7,1,4
"141",1,2,1,5,5,7,5,4,5,4,4,3,4,2,4,4,5,3,3,3,2,3,1,1,2,1,1,1,1,1,1,1,1,1,1,1,1,1,5,3,1,3,3,2,5,5,5,4,2,4,1,4,4,4,1,4,3,3,6,7,4,5,1,3,2,2,2,5,1,1,1,6,5,5,2,7,6,4,5,5,5,5,4,4,4,5,1,5,6,4,6,5,1,1,5,1,4,5,2,6,2,3
"142",1,1,2,1,1,2,4,3,3,4,4,4,4,5,4,4,4,5,5,4,6,3,3,6,6,5,5,5,7,5,3,4,4,2,3,2,5,1,4,1,3,2,2,2,4,2,2,3,3,2,3,3,3,3,2,2,2,3,4,5,5,2,1,5,2,4,3,4,3,2,3,3,3,2,3,2,3,3,3,3,3,2,3,3,4,3,3,4,4,3,3,3,2,2,3,0,3,15,5,7,1,5
"143",1,9,1,7,7,5,7,7,5,5,5,5,5,6,5,5,5,1,1,1,1,1,1,1,1,1,1,1,1,1,1,1,1,1,1,1,1,1,1,1,1,1,1,1,1,1,1,1,1,1,1,1,1,1,1,1,1,1,7,7,7,1,1,1,1,1,1,1,1,1,1,1,1,1,1,7,7,7,5,7,7,7,7,7,7,5,7,6,7,7,7,7,7,7,7,1,3,1,2,4,1,4
"144",1,2,1,1,1,1,5,5,5,6,6,6,6,7,7,7,7,4,4,4,4,3,3,3,1,3,3,3,4,1,1,1,1,3,3,3,2,4,3,3,3,5,5,6,4,5,5,4,2,3,3,4,4,4,3,4,3,3,1,1,1,7,7,5,3,4,5,7,6,6,5,7,6,5,6,7,5,5,5,5,5,5,3,3,3,2,1,2,5,1,1,1,1,1,1,1,5,13,1,3,3,3
"145",1,2,1,1,1,1,4,4,4,7,7,7,7,4,4,4,4,1,1,1,1,1,1,1,1,4,4,4,4,4,1,1,1,1,1,1,1,1,1,1,1,4,4,4,1,1,1,1,4,1,1,1,1,1,1,4,4,4,1,4,4,4,4,4,4,7,7,7,7,7,7,7,7,7,4,4,1,1,1,4,4,4,4,4,4,1,1,1,7,1,1,1,1,1,1,0,6,7,1,2,5,1
"146",1,1,2,2,2,2,4,4,4,1,5,5,5,1,5,5,4,2,1,1,1,2,1,2,1,5,5,3,6,1,1,1,1,2,1,1,2,2,5,3,2,2,2,2,6,7,7,7,5,1,1,5,5,5,5,5,6,6,1,1,1,7,7,7,7,6,6,6,6,6,6,5,6,5,2,7,7,7,7,4,4,4,2,2,2,1,1,1,2,4,3,3,5,4,5,1,3,16,3,6,4,4
"147",1,2,1,3,5,5,1,1,1,6,6,6,5,4,5,5,6,5,4,4,2,3,2,1,1,4,3,5,5,6,7,7,7,7,6,7,6,7,7,7,7,6,6,6,6,7,7,6,6,4,2,6,6,6,5,5,5,5,2,1,1,7,7,7,7,6,4,5,5,6,7,7,7,7,7,5,3,5,6,2,1,2,2,2,2,2,3,3,6,3,3,2,2,1,5,1,5,9,1,1,1,4
"148",1,4,2,5,5,4,7,6,6,4,6,4,6,4,4,4,3,2,2,2,2,1,1,1,1,1,1,1,1,1,2,1,1,5,3,4,3,5,4,5,4,6,7,3,2,2,2,1,1,1,1,2,4,4,1,2,4,4,5,7,6,6,5,5,3,6,6,7,2,5,5,4,7,4,4,5,6,4,4,6,6,6,7,7,7,2,2,2,7,3,2,3,2,2,2,0,5,3,1,1,1,1
"149",1,2,1,1,1,1,1,1,1,1,1,1,1,1,1,1,1,1,1,1,1,4,4,4,4,4,4,4,4,4,4,4,4,7,4,4,4,4,4,4,4,4,4,4,4,4,4,4,4,4,4,4,4,4,4,4,4,4,4,4,4,7,7,4,4,4,4,4,4,4,4,4,4,4,4,7,4,4,5,4,4,4,4,4,4,4,4,4,5,1,1,1,1,1,1,1,3,4,1,1,1,1
"150",1,6,2,6,7,5,4,4,4,3,5,3,4,4,4,3,4,2,2,2,2,4,4,4,4,4,2,2,4,3,3,3,5,4,3,4,4,5,6,6,5,6,5,5,4,5,2,3,4,3,4,4,4,4,4,4,4,4,4,4,4,4,4,4,4,4,4,4,5,5,5,5,6,5,5,4,5,4,4,4,4,4,4,4,4,3,3,3,7,3,4,4,4,3,3,0,5,3,1,5,5,1
"151",1,1,2,5,5,5,7,7,7,3,3,5,5,5,5,5,5,4,3,3,3,1,1,1,1,1,1,7,7,6,6,6,6,6,6,6,6,6,7,7,7,6,5,7,7,7,7,6,5,5,4,4,4,4,5,5,5,5,4,4,4,6,6,6,6,4,4,4,3,5,5,5,5,5,6,6,6,6,6,4,4,4,3,3,3,1,1,1,4,6,5,5,3,3,5,1,4,8,3,2,1,7
"152",1,1,2,7,7,6,6,6,6,6,6,6,5,6,6,6,7,2,2,2,2,6,1,1,1,1,1,1,1,7,7,6,6,3,3,6,2,7,7,6,5,6,5,5,6,6,5,3,3,3,3,4,3,3,5,3,3,3,3,5,5,6,6,5,6,5,5,5,6,5,5,5,6,6,7,2,2,5,7,5,5,5,6,5,5,1,2,2,5,3,3,2,3,3,6,1,6,7,1,3,3,5
"153",1,2,1,5,5,6,6,6,6,5,3,3,4,2,2,4,4,2,2,2,4,4,4,2,2,2,1,1,2,2,1,2,1,2,5,2,1,5,5,5,5,5,5,3,1,3,4,5,4,1,1,5,4,4,5,4,5,5,5,4,5,7,6,6,6,5,5,5,4,5,5,4,5,5,5,5,5,4,5,5,5,4,5,5,5,5,4,5,7,4,5,5,5,5,5,0,5,3,1,4,7,4
"154",1,2,1,1,1,1,7,7,7,7,7,7,7,7,7,7,7,7,7,7,7,7,7,7,7,7,7,7,7,7,7,7,7,7,7,7,7,7,7,7,7,7,7,7,7,7,7,7,7,7,7,7,7,7,7,7,7,7,1,1,1,7,7,7,7,7,7,7,7,7,7,7,7,7,7,7,7,7,7,1,1,1,1,1,1,1,1,1,7,7,7,7,7,7,7,0,3,5,2,2,1,4
"155",1,2,1,2,2,2,7,7,7,7,7,7,7,7,7,7,7,7,7,7,7,7,7,7,7,7,7,7,7,7,7,7,7,7,7,7,7,7,7,7,7,7,7,7,7,7,7,7,7,7,7,7,7,7,7,7,7,7,1,1,1,7,7,7,7,7,7,7,7,7,7,7,7,7,7,7,7,7,7,1,1,1,7,7,7,1,1,1,7,7,7,7,7,7,7,0,5,5,7,7,2,7
"156",1,2,1,1,1,1,5,5,5,7,6,6,6,5,5,5,4,2,2,4,4,2,2,2,2,6,5,5,6,1,1,1,2,3,2,2,2,3,5,5,5,7,5,5,5,5,5,1,1,1,1,2,2,2,2,2,2,2,5,5,4,6,3,5,3,5,3,5,4,5,5,5,5,5,4,7,6,7,7,5,5,5,4,4,4,1,1,3,7,1,1,1,3,3,3,0,4,16,1,1,1,1
"157",1,1,2,3,5,4,5,3,2,6,6,7,5,5,6,7,6,4,5,6,5,5,6,6,3,6,3,5,6,6,4,3,5,3,5,5,6,3,4,5,5,6,5,3,5,3,4,7,4,5,2,2,4,6,6,5,5,6,4,5,6,6,5,4,6,5,4,6,4,4,4,4,6,6,6,6,5,4,5,5,3,5,6,4,5,2,3,4,6,5,6,6,3,5,5,0,2,4,3,1,4,6
"158",1,2,1,4,4,3,6,5,5,4,3,4,4,2,4,4,2,1,1,1,1,1,1,1,1,1,1,1,1,1,1,3,3,5,3,3,5,5,5,5,5,5,5,5,5,6,6,5,5,4,2,1,1,1,1,1,1,1,1,5,1,7,7,7,7,6,6,6,4,4,4,4,6,4,4,5,5,5,5,3,2,2,5,5,5,1,1,1,7,1,5,5,2,1,3,1,5,4,1,4,2,4
"159",1,3,2,7,5,7,1,1,2,1,1,5,1,4,4,1,1,3,4,2,7,1,7,7,7,7,7,7,4,1,7,7,7,7,7,7,7,6,7,7,7,4,7,7,4,4,4,4,4,7,7,7,7,7,7,4,4,4,3,2,3,1,1,1,1,1,1,1,1,1,1,1,1,1,1,2,1,2,2,7,4,4,4,4,4,4,4,3,6,5,5,6,4,3,4,1,4,5,4,4,1,6
"160",1,2,1,7,7,4,5,6,5,3,6,6,4,5,5,6,4,1,1,3,1,2,1,4,1,1,1,1,4,1,5,6,7,5,2,5,2,7,5,5,4,6,7,6,6,7,6,7,5,4,1,6,7,6,7,7,7,5,4,5,4,6,5,6,7,5,7,6,4,6,5,7,7,7,2,6,7,7,5,4,4,5,4,5,5,6,7,5,7,5,4,6,5,7,7,0,4,5,1,1,1,4
"161",1,1,2,3,3,3,7,7,7,6,2,5,7,6,7,6,6,1,5,5,4,1,5,1,1,5,4,5,6,6,7,7,7,6,4,6,5,6,7,7,6,7,6,6,5,6,4,5,5,3,1,6,5,5,6,6,5,5,3,4,5,7,7,7,7,5,5,4,6,6,5,7,7,7,6,6,6,7,6,5,4,4,4,4,4,2,4,4,4,4,5,4,6,6,6,1,3,16,2,7,2,5
"162",1,2,1,3,2,2,6,6,4,6,4,5,6,6,6,6,5,4,5,4,2,1,1,4,5,3,4,2,7,3,2,2,5,3,2,5,4,2,4,5,3,4,4,5,7,5,5,4,4,3,2,5,4,4,5,6,6,4,5,5,4,7,6,6,6,5,5,5,7,6,6,6,6,6,3,6,5,6,5,4,5,4,5,3,4,4,6,6,6,3,3,3,5,4,5,1,3,3,4,6,2,4
"163",1,1,2,7,7,7,7,7,7,7,7,7,7,7,7,7,7,7,7,7,7,1,1,1,1,1,1,1,1,1,1,1,1,4,4,4,4,4,4,4,4,4,4,4,4,4,4,4,4,3,3,7,7,7,7,7,7,7,1,1,1,7,7,7,7,7,7,7,7,7,7,7,7,7,7,7,7,7,7,1,1,1,1,1,1,1,1,1,2,7,7,7,7,7,7,0,5,5,7,7,1,7
"164",1,1,2,1,1,2,5,5,5,4,5,4,4,5,6,6,6,4,4,4,4,2,2,1,1,4,3,1,4,2,1,1,3,6,4,5,4,7,7,7,7,5,6,4,5,4,3,5,4,5,5,6,6,6,7,7,7,7,3,3,2,7,6,6,6,5,4,4,1,2,2,4,6,6,5,5,5,6,5,5,5,5,5,4,4,1,1,1,4,3,2,4,3,5,6,0,6,16,3,7,4,3
"165",1,2,1,1,1,1,7,4,7,7,7,7,1,7,7,7,3,7,7,7,7,1,1,1,1,7,7,7,7,5,3,2,3,6,5,5,7,4,6,5,4,3,3,5,6,6,7,7,7,7,1,1,1,1,1,4,4,4,1,1,1,6,6,7,2,7,7,7,6,6,6,7,7,7,5,6,6,6,6,5,5,4,2,2,2,1,2,4,7,1,1,1,1,1,1,1,6,3,1,2,2,3
"166",1,4,2,5,5,4,7,7,7,5,6,4,6,5,5,6,6,1,1,1,1,4,4,4,4,4,4,4,4,4,1,1,1,2,2,2,2,2,2,2,2,2,2,2,7,7,7,7,7,4,4,4,4,4,4,4,5,5,1,1,1,7,7,7,4,6,4,6,4,6,6,6,7,7,4,7,7,7,7,6,4,4,2,1,1,5,7,6,7,7,7,7,1,1,1,0,4,11,4,5,1,6
"167",1,1,2,2,2,2,6,6,6,6,6,6,6,6,7,7,6,3,1,1,1,1,1,1,1,3,3,6,6,7,7,7,7,7,6,5,6,7,7,7,7,7,7,7,1,5,6,4,4,4,4,3,2,2,1,1,1,1,1,5,5,6,5,3,7,6,5,7,7,5,7,7,7,5,7,2,1,2,3,1,4,4,6,6,3,1,1,1,5,1,1,1,2,2,6,1,6,5,1,3,1,3
"168",1,1,2,5,5,1,7,7,7,7,7,7,7,5,6,6,6,3,3,4,3,2,2,1,1,1,1,1,4,2,2,2,2,3,5,4,3,4,5,5,5,6,3,4,2,2,3,2,3,3,2,4,4,4,5,5,6,5,3,2,1,7,7,7,7,7,5,7,5,6,6,7,7,7,6,5,3,5,5,3,4,4,3,3,3,1,1,1,4,1,1,1,1,1,1,1,5,2,1,4,5,5
"169",1,4,2,4,4,4,1,1,4,1,1,2,1,1,3,2,2,4,4,4,4,4,4,4,4,4,4,4,4,4,4,4,4,4,4,4,4,4,4,4,4,4,4,4,4,4,4,4,4,4,4,4,4,4,4,4,4,4,4,4,4,1,1,1,1,2,2,1,2,1,2,2,1,1,3,2,2,3,2,3,3,3,4,4,4,7,7,7,5,7,7,7,7,7,3,1,4,4,3,7,2,4
"170",1,2,1,2,2,3,3,1,1,3,2,3,2,3,2,2,3,4,4,4,4,5,4,5,6,4,4,4,4,3,3,3,3,2,3,2,3,2,2,1,1,2,3,2,2,2,2,2,2,2,2,2,2,2,2,2,2,2,3,3,3,2,1,1,1,2,2,2,1,1,1,1,1,1,1,4,3,5,3,5,4,4,3,3,3,5,3,5,5,3,4,4,2,2,1,1,6,9,1,7,2,6
"171",1,2,1,7,7,7,1,1,1,1,1,1,1,2,3,2,2,4,3,4,4,3,3,3,3,3,3,3,1,4,3,2,2,1,1,1,1,1,1,1,1,1,1,1,1,1,1,1,1,4,5,2,2,2,4,4,2,2,4,3,4,1,1,1,2,4,4,4,4,4,4,2,2,2,3,3,3,3,3,5,5,4,5,5,5,7,7,7,6,5,5,5,5,6,3,1,3,16,4,6,1,4
"172",1,2,1,1,1,1,5,7,7,7,7,7,7,7,7,7,7,7,6,6,6,4,2,2,3,6,7,7,7,1,4,7,7,5,7,5,5,7,7,7,7,7,7,7,7,7,7,7,6,7,7,4,5,4,5,6,4,4,4,4,5,5,4,4,4,5,5,5,5,6,5,5,5,4,4,5,5,5,6,4,5,5,5,4,5,5,6,5,7,1,3,1,1,1,4,1,3,1,1,1,1,5
"173",1,3,2,5,5,4,6,6,7,3,2,3,2,3,3,3,2,1,1,1,1,1,1,1,1,1,1,1,1,1,2,1,1,4,2,2,1,5,5,4,3,7,4,3,2,5,1,2,2,2,2,4,4,3,3,4,4,4,3,4,4,3,2,3,2,4,4,5,2,2,2,4,3,3,2,6,5,7,7,6,6,6,5,5,5,1,1,1,6,2,5,4,4,2,6,0,6,3,2,4,2,4
"174",1,3,2,5,5,5,6,6,6,4,4,3,4,1,2,2,4,4,4,4,4,1,1,1,1,1,1,1,1,1,1,1,1,1,1,1,1,1,5,5,3,4,3,2,1,4,3,2,1,1,1,1,1,1,1,1,1,1,4,1,1,7,7,7,3,2,2,6,2,4,4,3,5,4,3,7,7,7,7,6,6,6,2,4,4,5,4,4,6,3,2,5,1,1,1,0,5,13,1,3,3,2
"175",1,8,1,7,7,6,5,5,4,3,3,4,3,5,4,4,4,3,3,3,2,5,4,5,2,6,6,2,2,3,3,3,4,4,3,4,5,5,4,5,4,4,4,5,5,4,3,3,4,3,3,4,3,4,5,6,5,4,6,7,7,5,6,6,4,3,3,2,2,3,3,3,4,4,4,5,5,6,6,5,4,4,6,5,5,6,6,6,7,6,7,6,5,4,5,0,4,5,4,7,2,5
"176",1,2,1,4,3,1,5,5,6,6,6,5,7,6,6,6,7,3,4,4,1,4,1,4,1,4,1,1,5,4,5,6,5,6,6,6,6,6,6,6,6,4,6,6,5,6,4,6,5,6,4,4,4,5,4,4,4,4,4,6,5,6,6,7,7,4,4,4,5,7,6,7,7,7,6,5,5,7,6,4,3,3,4,4,4,3,3,3,7,3,5,5,4,5,5,1,6,3,3,5,1,5
"177",1,4,2,4,4,4,5,5,5,6,6,6,6,5,4,4,4,3,3,3,3,3,2,2,2,3,2,2,3,2,2,2,2,2,2,2,2,2,2,2,2,4,4,4,2,2,2,2,3,3,3,4,4,4,4,4,4,4,4,4,4,4,3,5,5,6,6,6,5,5,4,5,6,6,4,6,5,5,5,5,5,5,4,4,4,4,3,4,6,5,5,6,4,4,5,0,4,10,1,1,1,2
"178",1,2,1,2,2,1,6,6,6,6,5,6,6,6,5,6,5,7,6,6,4,3,3,4,3,3,4,3,7,5,4,4,6,5,4,4,5,6,5,5,5,4,4,5,5,5,4,6,5,5,4,6,5,5,6,6,5,5,3,3,3,7,6,5,6,4,5,5,4,5,4,4,6,6,4,6,5,5,5,3,3,3,5,4,4,4,5,5,4,5,5,4,5,5,4,0,5,16,3,7,2,6
"179",1,4,2,6,6,7,5,5,4,4,5,4,4,5,5,5,4,3,3,3,2,3,2,1,2,2,1,1,2,2,3,3,3,4,3,4,4,5,5,5,4,5,5,4,5,5,4,3,4,4,3,4,4,3,5,5,5,4,5,6,5,6,5,6,6,5,5,5,5,6,5,6,6,6,4,6,6,5,6,5,5,4,5,6,6,5,5,5,6,5,4,5,4,4,5,0,5,5,3,4,1,4
"180",1,1,2,2,2,2,6,6,6,5,4,5,6,6,6,6,4,4,4,4,3,4,2,4,1,5,3,5,5,4,5,5,5,6,5,4,4,6,5,6,5,6,6,6,6,6,4,5,5,4,4,4,4,4,3,5,5,4,3,3,2,7,7,7,7,7,6,7,6,6,6,7,7,7,5,4,2,5,4,4,4,4,4,4,4,1,1,1,4,3,2,2,4,5,7,1,3,5,1,5,3,5
"181",1,2,1,1,1,1,6,7,6,7,4,7,7,7,6,7,7,7,6,6,6,4,4,4,7,7,7,7,7,1,1,1,1,4,1,4,4,4,4,4,4,1,4,5,4,4,4,7,7,1,1,4,4,4,7,4,4,4,1,4,1,7,6,7,4,6,4,6,3,3,3,7,5,7,1,7,7,5,5,7,6,7,2,2,2,1,5,6,7,4,4,5,4,4,7,1,4,2,3,2,2,5
"182",1,9,1,5,4,2,6,6,6,4,5,5,4,2,4,4,6,4,4,2,2,2,2,4,3,4,3,2,4,2,5,3,2,4,3,4,3,4,4,5,4,4,4,2,4,6,4,4,4,4,4,4,4,4,5,4,4,4,5,5,5,5,4,5,6,5,4,6,5,5,5,5,5,5,3,7,7,7,7,6,5,5,5,5,4,1,1,1,7,1,1,1,2,2,4,0,5,2,1,1,1,3
"183",1,1,2,4,6,5,3,5,4,2,4,5,5,3,6,6,5,5,4,3,6,4,4,4,4,4,4,3,3,3,3,3,3,4,3,2,4,4,4,4,4,4,5,5,5,5,5,5,5,5,5,6,6,6,6,6,6,6,6,6,6,4,5,5,5,5,5,5,5,5,5,5,5,5,5,6,6,5,5,4,4,4,4,4,4,4,4,4,4,6,6,6,6,6,6,1,5,9,2,5,5,2
"184",1,4,2,6,6,6,6,4,5,4,3,3,4,2,3,4,4,3,4,3,2,3,2,4,2,2,2,2,1,2,1,1,2,4,3,3,3,3,5,4,3,5,3,6,5,5,6,5,5,3,2,4,4,4,4,4,5,5,2,6,4,6,6,6,2,5,5,3,5,5,5,6,6,5,3,5,3,6,5,4,4,4,5,5,5,4,5,4,7,4,5,4,3,3,7,1,4,4,1,4,4,3
"185",1,2,1,4,4,5,5,6,5,5,6,4,4,4,4,4,4,4,4,4,4,4,4,4,4,4,4,4,4,5,3,3,3,5,5,4,4,5,5,5,4,5,5,5,4,4,4,4,5,5,4,5,5,4,5,5,4,4,5,5,4,5,4,5,5,6,5,5,5,5,5,5,5,5,5,5,4,5,5,6,5,5,5,5,5,4,5,5,6,5,5,5,5,5,5,1,4,10,4,6,2,6
"186",1,3,2,7,4,7,7,7,7,7,7,7,7,7,7,7,7,7,7,7,7,1,1,7,7,7,7,7,7,7,1,7,7,7,7,7,7,1,1,7,7,7,1,7,7,1,7,7,1,7,5,4,7,7,4,7,3,7,7,4,5,7,7,7,4,7,4,7,7,1,4,7,7,7,4,7,4,7,3,7,4,7,4,7,7,7,4,7,5,7,4,7,7,4,7,1,4,1,1,1,1,7
"187",1,1,2,7,7,7,7,7,7,4,4,7,7,4,4,4,4,4,4,4,2,4,4,4,4,4,4,4,1,4,1,4,4,4,4,4,1,4,4,4,1,1,1,7,1,1,1,4,1,7,4,4,4,4,7,7,7,4,5,3,3,4,3,2,3,7,4,2,3,3,4,3,7,4,4,4,7,7,7,7,6,7,4,3,2,5,5,2,4,7,7,7,6,3,3,0,5,11,4,6,3,7
"188",1,1,2,6,6,4,6,6,5,4,5,4,4,2,5,4,5,2,2,2,1,7,1,1,1,1,1,1,1,5,3,3,3,2,6,5,3,6,6,6,5,6,6,5,2,2,2,3,2,2,2,2,2,2,3,4,4,4,1,1,1,6,6,6,6,5,5,5,5,5,5,5,5,7,3,3,4,3,5,4,4,4,4,4,4,5,5,5,4,3,3,3,4,4,4,1,6,9,1,4,2,5
"189",1,2,1,4,4,4,7,1,1,1,1,1,1,1,1,1,1,1,1,1,1,1,1,1,1,1,1,1,1,1,1,1,1,1,1,1,1,1,1,1,1,1,1,1,1,1,1,1,1,1,1,1,1,1,1,1,1,1,1,1,1,1,1,1,1,1,1,1,1,1,1,1,1,1,1,4,3,3,4,4,4,4,4,4,4,4,4,4,4,3,1,3,4,4,4,1,5,2,1,3,2,4
"190",1,2,1,1,1,1,7,7,7,7,7,7,7,7,7,7,7,7,7,7,7,4,3,4,1,7,7,7,7,4,4,4,4,6,4,5,6,4,7,4,6,6,6,7,6,5,5,7,7,7,7,7,7,7,5,6,6,6,1,2,1,6,6,7,4,5,5,5,6,6,6,7,7,7,7,7,7,7,7,5,6,2,2,1,1,5,6,6,5,4,2,3,4,4,7,0,5,3,2,4,2,3
"191",1,2,1,7,7,6,7,7,6,5,3,1,2,4,4,2,5,2,2,2,2,1,1,1,1,1,1,1,1,1,1,1,1,1,1,1,1,2,3,3,3,5,5,5,2,2,2,3,3,3,3,3,3,3,6,6,4,4,6,6,6,7,7,7,7,3,3,3,3,3,3,3,3,3,3,7,7,7,7,7,7,7,7,7,7,4,4,4,6,5,5,5,5,5,5,0,5,2,1,2,1,3
"192",1,1,2,4,4,1,7,7,7,7,7,4,7,4,7,7,7,1,1,1,1,4,4,4,4,1,1,1,1,4,4,4,4,7,4,7,4,7,7,7,4,7,7,7,4,7,1,7,7,7,4,4,4,4,4,4,4,4,4,4,4,7,7,7,7,7,7,7,7,7,7,7,7,7,4,7,7,7,4,7,7,7,4,4,4,4,4,4,4,1,1,1,1,1,1,0,5,3,1,2,2,4
"193",1,4,1,6,6,6,3,3,3,2,3,2,1,1,1,1,1,2,1,1,1,2,1,1,1,1,1,1,1,1,1,1,1,2,2,2,2,5,5,5,5,4,4,4,2,2,2,1,2,2,2,4,4,4,2,2,2,2,3,3,3,6,6,5,4,6,6,6,3,3,3,3,6,6,1,7,7,4,4,7,4,7,4,4,4,3,7,6,7,2,2,2,1,1,1,0,5,15,7,7,3,7
"194",1,3,2,6,6,4,5,5,7,1,1,1,1,4,1,1,1,1,1,1,1,1,1,1,1,1,1,1,1,1,1,1,1,1,1,1,1,3,3,2,2,1,2,1,2,4,2,1,1,1,1,1,1,1,1,1,1,1,1,1,1,7,5,5,5,1,1,1,1,1,1,2,2,4,1,7,7,7,7,7,7,7,7,7,7,1,1,1,5,3,6,6,1,1,4,0,5,2,4,4,2,4
"195",1,8,2,7,7,7,6,4,7,4,5,1,2,1,3,1,1,1,2,1,1,1,3,1,1,1,7,1,1,1,1,1,1,1,1,1,1,1,1,1,1,1,2,1,1,2,1,1,1,1,1,1,1,1,1,1,1,1,1,2,4,2,1,6,1,4,4,4,2,3,1,2,4,2,1,6,7,6,7,7,7,7,7,7,7,6,5,6,5,6,7,6,7,2,7,0,3,3,1,1,1,4
"196",1,6,2,4,4,4,4,4,4,4,4,4,4,4,4,4,4,4,4,4,4,4,4,4,4,4,4,4,4,4,4,4,4,4,4,4,4,4,4,4,4,4,4,4,4,4,4,4,4,4,4,7,7,7,7,7,7,7,7,7,7,7,7,7,7,7,7,7,7,7,7,7,7,7,7,7,7,7,7,7,7,7,7,7,7,7,7,7,7,7,7,7,7,7,7,0,6,3,1,2,1,1
"197",1,1,2,6,6,6,4,5,4,4,5,4,4,4,5,5,5,4,2,4,1,3,1,1,1,1,3,2,1,4,1,1,1,2,2,2,3,1,1,1,1,5,5,4,4,4,4,6,6,4,3,6,5,6,5,5,6,6,3,3,3,6,6,7,7,6,4,6,5,6,6,6,7,7,3,7,7,7,3,4,4,4,4,4,4,4,4,4,4,7,6,7,6,6,6,0,3,14,4,5,3,4
"198",1,1,2,5,5,5,5,5,4,4,5,4,4,4,4,4,5,3,3,3,3,3,3,2,2,3,3,2,3,3,3,3,3,3,3,3,3,3,3,3,3,5,4,3,5,5,4,4,3,3,3,4,4,4,3,4,4,4,4,4,4,5,5,5,5,4,4,4,4,4,4,4,5,5,3,5,5,5,6,5,5,5,4,4,4,6,6,6,4,6,5,6,5,4,5,0,5,6,2,7,1,4
"199",1,2,1,4,3,2,6,6,6,6,6,6,4,5,5,4,4,4,4,4,4,4,3,4,3,4,4,4,4,4,4,4,4,4,3,3,3,5,5,5,4,4,4,4,4,4,4,4,4,4,4,4,4,4,4,4,4,4,4,2,2,5,5,5,5,4,4,4,4,4,4,4,4,6,3,4,4,5,5,5,5,5,4,4,4,2,2,3,7,2,2,2,4,4,5,0,5,8,1,1,1,4
"200",1,1,2,7,7,6,6,6,6,4,4,4,4,4,4,4,4,4,4,4,4,4,4,4,1,2,2,2,2,2,2,2,2,3,3,3,1,4,4,2,3,4,4,2,2,4,1,2,2,2,1,3,2,1,2,1,1,1,4,4,4,7,5,4,4,4,2,4,1,1,1,2,3,4,2,6,4,4,3,6,6,6,4,4,4,4,4,4,4,2,2,4,1,1,3,1,4,10,1,3,1,4
"201",1,2,1,2,3,4,3,4,3,3,4,2,5,5,1,3,4,3,4,4,3,3,4,3,5,5,2,2,3,6,2,3,4,3,2,6,4,5,5,3,3,2,2,3,4,5,5,4,5,3,4,3,3,2,3,3,6,3,5,3,4,6,6,5,3,4,3,3,3,5,4,2,5,1,2,4,3,6,4,4,6,2,3,3,4,2,5,5,3,4,3,3,5,3,4,0,4,7,5,5,3,3
"202",1,4,2,1,1,1,5,4,4,6,5,5,7,4,4,4,6,2,2,1,1,2,1,1,1,4,1,1,6,1,1,1,1,3,2,2,1,5,3,5,2,1,2,4,1,4,1,2,1,1,1,4,4,4,2,4,2,1,6,6,4,4,3,5,2,7,6,7,4,4,4,2,7,4,1,7,7,7,7,7,7,7,7,2,4,4,2,5,7,1,1,1,1,1,4,0,5,4,1,3,3,1
"203",1,2,1,2,4,2,2,2,2,2,6,4,6,2,4,2,7,1,1,1,1,2,1,1,1,3,3,3,5,3,3,3,3,4,3,3,4,5,4,4,4,5,4,5,4,5,4,4,4,3,3,3,3,3,2,2,2,2,2,5,2,5,4,4,4,3,3,5,3,4,4,5,5,4,2,5,5,6,5,5,5,5,3,3,3,2,4,2,7,1,1,1,1,1,1,1,3,6,1,1,1,3
"204",1,8,1,7,7,7,7,6,7,7,6,6,6,6,6,6,6,2,2,2,2,2,2,2,2,2,2,2,2,2,2,2,2,3,5,2,1,3,6,6,6,6,6,6,3,3,7,4,7,7,4,4,4,4,5,5,5,4,4,5,5,5,5,5,5,4,3,3,5,5,4,5,5,5,5,6,6,6,6,6,6,6,6,6,6,6,6,6,6,5,5,5,5,5,5,0,4,15,6,6,6,4
"205",1,1,2,4,4,4,6,3,2,2,2,2,2,2,2,2,2,6,6,6,6,2,7,7,7,4,7,7,4,6,6,5,5,5,6,6,6,6,3,2,2,2,2,2,4,4,4,2,2,3,5,4,4,5,7,6,6,6,6,6,6,1,1,1,1,1,2,2,2,2,2,2,1,1,1,2,2,1,1,4,4,5,5,5,5,6,6,6,4,4,4,3,4,4,3,1,4,6,3,5,2,6
"206",1,1,2,5,5,4,6,6,6,5,5,4,5,4,5,5,5,4,2,4,1,4,1,3,2,3,1,2,4,4,3,3,3,3,5,4,2,5,5,5,4,5,4,5,4,6,4,3,4,3,4,3,2,1,4,5,5,5,4,4,1,5,4,6,6,6,6,7,6,5,6,6,7,7,5,5,5,5,4,4,4,4,3,3,3,3,3,3,5,3,4,5,5,4,5,0,5,3,1,2,1,4
"207",1,2,1,1,1,1,7,6,6,6,6,7,6,6,7,7,6,4,5,6,6,4,1,1,4,5,2,6,7,1,1,1,1,1,1,4,4,5,5,6,6,4,3,4,7,6,7,7,7,5,4,4,4,4,1,5,5,5,1,1,1,7,6,7,7,4,2,4,1,4,3,3,4,5,2,7,6,6,7,6,6,5,2,2,2,4,5,5,7,3,2,5,4,1,5,0,5,7,3,5,5,3
"208",1,1,2,7,7,4,5,5,3,4,6,4,4,6,6,4,7,4,4,4,4,4,4,4,4,4,4,1,4,4,4,4,4,5,4,5,5,4,5,5,5,3,5,5,5,4,4,5,7,5,5,7,7,7,7,7,7,7,1,2,2,7,7,7,7,3,2,1,1,1,1,5,6,6,6,5,3,5,7,5,5,5,4,4,4,1,1,1,3,5,5,6,2,2,7,0,5,4,1,1,1,7
"209",1,4,2,2,2,2,6,6,6,5,7,4,6,2,5,4,2,2,2,2,2,6,1,4,1,1,1,1,1,1,1,1,1,1,1,1,2,2,2,2,2,5,5,3,5,5,5,4,4,3,1,4,4,4,1,4,4,4,1,1,1,7,7,7,7,7,7,7,7,7,7,7,7,7,2,7,6,2,7,6,6,6,2,2,2,1,1,1,7,1,1,1,1,1,1,1,4,5,3,4,1,3
"210",1,1,2,5,5,5,6,6,6,5,5,4,5,4,5,5,5,3,3,3,2,3,3,3,3,3,3,3,4,5,5,5,5,5,5,5,3,5,5,5,4,6,5,5,5,5,5,5,6,6,5,4,4,4,5,4,5,4,4,4,4,6,6,7,4,2,2,3,4,5,5,5,6,6,6,2,2,4,5,4,4,4,5,5,5,2,4,2,4,5,5,6,6,4,7,0,5,6,1,3,1,3
"211",1,2,1,4,3,7,2,2,4,1,1,1,1,1,1,1,1,5,5,6,3,1,7,7,7,2,7,2,2,3,7,7,5,7,5,2,7,5,3,2,3,4,3,1,1,7,6,1,1,2,7,1,3,5,3,4,4,7,4,7,3,1,1,1,1,3,3,2,2,2,1,1,1,1,4,1,1,1,1,1,1,2,4,4,3,5,1,2,4,1,1,1,6,2,1,0,4,3,2,4,1,5
"212",1,4,2,1,1,1,1,1,1,4,4,4,4,4,3,3,3,5,5,5,5,4,6,2,6,5,7,2,7,2,4,5,3,3,6,3,7,4,4,5,5,4,4,4,5,3,3,7,1,7,7,3,4,3,3,4,4,3,3,3,4,2,2,2,5,4,3,3,4,4,3,5,3,6,4,3,3,2,1,1,1,1,2,2,2,3,2,2,6,2,2,2,3,3,3,0,5,7,1,1,4,7
"213",1,5,2,7,7,7,1,1,1,1,1,1,1,1,1,1,1,7,7,7,7,4,4,4,4,7,4,4,7,1,4,4,4,4,1,1,3,4,4,4,4,7,2,3,4,4,1,1,1,1,1,1,1,1,1,1,1,1,7,4,3,1,1,1,1,1,1,1,1,1,1,1,1,1,1,4,4,4,4,3,3,3,4,4,4,5,4,4,7,4,7,7,7,7,7,0,5,12,1,2,2,4
"214",1,2,1,4,4,4,6,6,4,7,7,7,7,7,7,7,7,1,1,1,1,4,5,1,1,7,2,6,7,7,7,4,6,7,7,7,7,6,7,7,7,4,2,7,7,7,7,7,7,7,7,7,7,7,7,7,7,7,7,7,7,7,7,7,7,7,7,7,7,7,7,7,7,7,7,7,7,7,7,1,1,1,1,1,1,7,4,6,6,1,1,1,7,7,7,1,2,3,1,1,1,4
"215",1,5,2,3,3,5,4,4,4,4,4,4,4,4,4,4,4,4,4,4,4,4,4,4,4,4,6,6,6,7,7,7,5,7,6,6,7,7,4,3,4,2,2,4,5,4,4,4,4,4,4,4,4,4,6,6,6,4,4,4,4,2,2,2,4,4,4,2,4,4,4,4,4,4,4,2,2,2,2,2,2,2,3,3,3,3,3,3,6,5,5,5,7,7,5,0,6,12,5,7,1,4
"216",1,2,1,4,4,4,4,4,4,4,4,4,4,4,4,4,4,4,4,4,4,4,4,4,4,4,4,4,4,6,5,5,4,4,4,4,4,4,4,4,4,5,5,4,5,5,4,4,4,4,4,4,5,5,5,5,5,5,4,4,5,5,5,5,4,4,4,4,4,4,4,4,4,4,4,5,5,5,5,4,4,4,4,4,4,4,4,4,6,6,6,6,7,7,7,1,6,5,1,3,1,4
"217",1,2,1,7,6,7,1,3,3,3,4,2,4,3,3,3,5,7,7,7,7,7,7,7,7,7,7,7,7,7,7,7,7,6,5,6,6,4,4,4,5,6,5,6,6,6,6,6,6,7,7,7,7,7,7,7,7,7,7,7,7,1,1,2,5,2,3,2,3,2,2,2,2,2,2,3,3,2,2,3,3,3,4,4,4,4,4,4,6,6,6,6,7,7,6,1,3,3,3,5,2,4
"218",1,3,2,4,4,4,4,4,4,3,3,3,2,3,3,2,2,4,4,4,5,4,4,4,4,4,4,7,4,7,7,7,7,7,7,7,7,6,7,7,7,7,7,7,7,7,7,6,7,7,7,4,4,4,4,5,5,4,4,4,4,6,6,5,5,6,6,6,6,6,6,6,6,6,6,7,7,7,7,7,7,7,7,7,7,7,7,7,6,7,7,4,4,4,2,1,4,8,3,5,1,5
"219",1,1,2,1,1,7,1,1,1,2,3,3,2,2,2,2,2,1,3,3,3,2,3,2,3,3,4,3,4,4,5,3,3,1,3,4,4,3,2,4,4,3,4,4,4,4,4,4,4,4,4,1,1,1,1,1,1,2,3,5,4,1,1,1,1,2,2,1,1,1,1,3,2,2,2,1,3,3,4,4,4,4,4,5,4,4,3,3,3,4,4,4,4,4,4,0,6,12,4,3,3,7
"220",1,2,1,4,4,4,2,2,3,2,2,3,2,4,3,3,4,4,5,5,5,4,4,4,4,4,4,4,4,4,4,4,4,4,4,4,4,4,4,4,4,4,5,5,5,5,4,4,4,5,5,4,4,4,4,4,4,4,5,5,5,2,2,2,2,3,4,3,4,4,5,4,3,3,5,3,3,5,3,3,3,3,5,5,5,4,3,3,6,3,4,3,4,5,3,1,4,9,3,6,3,6
"221",1,1,2,2,2,2,5,2,2,4,6,2,4,4,2,2,1,4,1,1,1,4,4,4,4,2,2,2,2,6,5,5,5,4,4,4,4,5,3,4,4,4,4,4,4,4,4,4,4,1,1,1,1,1,1,1,1,1,4,4,4,5,5,5,4,3,3,3,3,3,3,3,3,3,3,3,3,3,3,5,5,5,4,4,4,4,4,4,3,1,1,1,1,1,1,1,6,5,1,5,1,4
"222",1,1,2,5,5,5,5,5,5,5,5,5,5,4,5,5,5,3,3,3,3,3,2,3,2,3,2,3,3,3,3,3,3,4,4,4,4,3,5,4,4,5,5,5,3,5,3,4,3,3,3,3,3,3,3,3,3,3,3,3,3,5,5,5,5,4,4,4,4,5,5,5,5,5,5,3,4,4,4,4,4,4,5,5,5,3,3,3,4,3,3,3,3,3,3,1,5,11,1,4,4,4
"223",1,4,2,3,4,2,5,4,6,4,5,3,4,3,3,3,2,3,1,2,1,1,1,1,1,3,2,2,3,3,2,2,2,4,4,4,3,4,4,4,4,6,5,5,4,7,4,4,3,3,3,4,4,4,4,4,4,4,4,4,4,6,6,6,4,5,5,4,5,5,5,4,5,4,4,5,5,5,5,4,4,4,4,4,4,4,5,4,7,4,4,4,4,4,4,1,2,1,2,4,1,6
"224",1,1,2,6,6,7,2,2,2,2,2,2,2,2,2,2,5,1,1,1,1,1,1,1,1,1,1,2,1,4,6,6,7,6,5,4,4,6,7,6,6,5,5,6,5,5,5,7,7,1,1,1,1,1,1,1,1,1,1,5,1,7,7,7,7,2,2,6,2,2,2,5,4,2,5,1,1,6,6,2,2,2,5,5,5,2,5,2,5,5,5,6,1,1,1,1,5,5,1,1,1,4
"225",1,9,2,4,4,4,5,6,5,1,2,4,2,2,3,4,2,4,4,4,4,1,1,4,1,4,1,1,4,1,1,1,5,3,4,3,3,2,5,5,4,6,6,6,4,5,4,4,2,2,1,4,4,4,4,4,4,4,1,1,1,6,6,4,5,3,3,7,3,4,4,5,5,5,3,6,6,6,6,6,4,4,4,4,4,2,1,1,6,2,2,2,1,5,4,1,3,5,1,2,7,3
"226",1,1,2,3,3,3,5,5,5,5,5,5,6,5,5,5,5,2,2,4,4,2,2,1,1,2,2,2,4,5,2,4,3,3,3,3,3,5,5,3,3,5,5,4,3,3,4,4,4,4,2,4,2,1,2,2,2,2,3,2,2,6,3,3,4,5,5,5,5,5,5,5,5,5,5,6,6,6,6,4,4,4,4,4,4,1,1,1,4,1,1,1,1,1,1,1,4,5,2,3,2,6
"227",1,1,2,3,4,3,7,7,6,7,7,7,7,7,7,7,7,3,2,3,2,3,4,3,4,2,3,2,5,4,3,4,3,2,3,2,3,4,3,4,3,4,3,4,4,3,4,3,4,3,4,4,4,4,4,4,4,4,4,4,4,4,4,4,4,5,4,5,4,5,4,5,5,4,7,5,4,5,4,5,4,5,4,5,4,4,5,4,4,4,3,5,5,4,3,0,5,9,2,4,3,4
"228",1,1,2,7,7,4,6,6,6,1,4,4,1,1,4,4,1,1,1,1,1,1,2,1,1,1,1,1,2,3,4,5,2,4,5,3,1,6,7,6,5,5,5,4,4,5,5,5,5,5,4,4,4,5,5,4,6,5,4,4,4,5,5,5,5,2,1,4,1,2,3,3,5,7,4,6,6,7,7,4,4,4,5,5,5,5,5,5,3,6,6,5,5,5,7,0,5,6,2,4,1,5
"229",1,2,1,5,5,5,5,4,5,4,5,5,4,4,5,5,5,1,1,1,1,3,3,2,1,1,1,1,2,1,1,1,1,3,3,4,3,5,5,6,5,5,5,4,3,3,3,4,2,1,1,5,5,5,4,4,4,5,5,6,6,4,4,4,4,3,4,6,5,5,5,5,6,5,4,6,6,6,7,6,6,6,4,4,4,5,6,7,7,4,4,4,2,2,5,0,5,7,1,3,3,2
"230",1,2,1,1,1,1,5,5,5,6,4,6,6,5,5,5,7,4,4,4,4,2,2,2,2,4,4,5,6,5,5,6,7,4,4,4,4,6,6,6,6,4,4,3,4,5,4,4,4,5,4,4,4,4,4,4,4,4,4,6,4,5,5,5,5,5,5,5,6,6,6,5,7,7,4,4,4,4,4,3,3,3,4,4,4,1,1,1,7,1,1,1,2,2,2,0,5,5,1,2,2,3
"231",1,4,2,4,4,3,4,4,4,4,4,4,4,3,3,3,2,3,3,4,3,1,1,1,1,1,1,1,1,1,2,2,2,4,3,4,3,5,5,4,4,5,5,4,3,4,4,4,4,3,1,3,3,3,4,4,4,4,3,1,1,5,5,5,3,4,5,4,3,4,4,4,5,4,2,5,5,3,4,5,6,4,4,4,4,4,4,5,6,3,3,4,1,1,2,0,5,13,1,2,2,2
"232",1,2,1,5,5,4,6,6,6,4,5,5,4,2,3,4,4,4,4,4,4,1,1,1,1,1,1,3,5,5,5,4,5,6,5,5,5,5,6,6,6,6,6,6,5,5,5,6,6,4,4,4,4,4,4,4,4,4,5,5,5,6,6,6,5,5,4,4,4,5,5,5,5,5,5,6,5,6,5,5,4,4,4,4,4,4,2,4,7,4,4,4,5,5,5,1,5,10,2,7,2,4
"233",1,2,1,1,1,1,4,4,4,5,6,6,6,5,5,5,5,4,4,4,3,4,2,2,3,2,2,2,5,4,2,1,1,4,3,3,4,5,5,6,5,3,3,3,4,5,5,5,5,2,4,4,3,2,1,4,2,2,2,2,2,6,5,5,5,4,3,3,5,5,4,4,6,5,2,7,7,7,7,5,5,4,2,2,2,5,6,5,6,1,1,1,1,1,1,0,4,9,1,1,1,5
"234",1,1,2,4,4,4,7,7,6,6,7,6,6,6,7,6,6,2,2,2,2,1,1,1,1,1,1,4,4,1,1,1,4,3,1,1,1,5,5,5,3,5,5,7,5,5,4,7,7,7,7,4,4,4,4,4,4,4,4,4,4,7,7,7,7,6,6,6,6,7,7,7,7,7,3,7,6,7,7,5,5,5,4,4,4,1,1,1,4,1,1,1,1,1,1,1,4,11,3,7,6,4
"235",1,3,2,5,5,2,5,5,5,6,6,6,6,3,4,5,6,4,2,2,2,2,2,2,2,2,2,4,4,4,5,5,5,5,4,5,4,5,4,5,4,5,4,4,4,4,4,4,4,4,3,4,4,4,5,4,3,4,4,4,4,5,3,5,4,4,4,4,5,5,5,5,6,6,4,3,3,5,5,4,4,4,4,4,4,4,3,3,4,4,5,5,5,5,5,1,5,9,1,3,3,3
"236",1,2,1,4,4,6,2,2,3,2,2,1,2,3,1,1,2,3,5,5,7,5,7,7,7,4,5,2,1,3,2,3,3,4,6,3,5,2,3,3,3,3,3,2,4,2,4,2,2,5,5,4,4,4,5,3,5,5,3,3,6,2,4,3,2,2,2,2,4,3,3,2,2,2,3,4,5,4,3,4,4,4,4,4,4,6,7,7,6,5,3,3,5,6,3,0,4,4,1,2,2,3
"237",1,6,1,3,3,4,6,6,5,6,7,4,5,5,6,5,4,1,1,1,1,1,1,1,1,1,1,1,4,1,4,3,2,4,2,2,3,5,5,4,3,5,4,5,4,4,4,5,5,4,4,4,4,4,5,5,5,5,4,5,4,6,4,5,3,5,5,5,3,5,5,5,5,5,2,6,6,6,6,7,7,7,4,4,4,1,5,5,7,2,2,2,4,3,5,0,5,4,1,2,2,1
"238",1,1,2,5,5,4,7,7,7,7,7,7,7,7,7,7,7,1,1,1,1,7,1,1,1,4,4,4,7,4,6,7,7,4,4,4,4,7,7,4,4,7,7,7,7,7,7,4,1,1,1,6,4,4,1,4,1,1,1,1,1,7,7,7,7,7,7,7,6,7,7,7,7,7,5,6,5,6,7,4,4,4,4,4,4,1,2,1,7,5,6,6,1,1,6,0,5,3,2,4,4,5
"239",1,2,1,6,6,4,4,4,4,5,7,5,4,4,6,6,7,1,1,2,1,1,1,1,1,1,1,2,1,1,2,2,2,5,5,5,6,5,2,4,6,5,5,5,3,4,4,6,6,6,1,1,1,1,1,1,1,1,1,1,1,6,6,6,6,6,6,7,6,5,5,6,6,6,5,7,6,6,7,6,4,4,1,1,1,4,4,4,6,2,2,2,2,1,1,1,5,5,2,5,3,4
"240",1,2,1,3,3,4,5,5,5,3,4,4,4,3,5,5,3,4,3,3,3,6,1,4,2,3,3,3,4,3,5,5,5,5,5,3,4,5,5,6,5,6,6,6,5,5,5,3,3,3,3,2,2,2,4,4,4,4,3,2,2,6,6,6,5,3,3,5,3,5,5,6,6,5,4,5,5,3,3,3,3,3,3,3,3,1,2,3,6,2,2,2,4,3,3,0,6,3,5,7,1,3
"241",1,9,1,1,1,1,7,7,5,1,1,1,1,1,1,1,1,4,4,4,6,4,4,4,7,5,4,4,6,6,4,6,7,1,1,1,6,4,2,1,2,1,3,2,3,3,2,2,1,2,3,3,3,3,2,2,3,4,3,3,4,1,2,2,1,2,2,3,4,4,4,5,2,1,2,2,2,2,2,4,4,3,4,4,4,4,7,5,6,5,5,5,5,4,5,0,6,12,2,6,6,6
"242",1,5,2,1,1,1,2,2,2,5,5,5,5,6,6,6,6,4,4,4,4,4,4,4,4,4,4,4,4,4,4,4,4,5,4,4,4,4,4,4,5,5,4,4,4,4,4,4,4,4,4,4,4,4,3,4,4,4,4,4,4,4,4,4,4,4,4,4,4,4,4,4,4,4,4,5,4,5,5,4,4,4,4,4,4,1,1,1,4,2,2,2,3,3,4,1,3,6,1,4,2,3
"243",1,2,1,2,3,2,6,6,5,6,7,5,6,5,6,5,6,6,5,6,5,6,6,4,5,6,5,6,7,3,4,2,4,7,6,6,6,6,6,6,5,4,5,5,6,5,5,6,6,3,2,5,3,4,5,5,6,5,4,5,4,5,5,6,4,4,5,5,5,5,5,5,6,6,6,7,6,7,6,4,4,4,4,3,3,2,4,3,5,4,5,5,3,3,4,0,6,12,3,6,2,3
"244",1,1,2,4,5,5,6,7,7,5,6,5,7,5,6,6,7,3,4,5,1,1,1,1,1,1,2,1,1,5,3,5,6,5,6,6,3,6,6,7,6,3,6,7,4,7,7,7,5,4,4,5,5,2,2,6,6,4,4,3,4,7,7,7,7,7,7,7,7,7,7,4,7,7,5,6,5,7,6,4,5,5,4,4,3,3,2,1,3,2,1,1,1,1,7,1,6,3,1,1,1,2
"245",1,2,1,1,1,1,6,6,6,7,7,7,7,7,5,7,4,6,6,6,6,5,6,4,4,7,6,7,7,7,7,5,5,7,2,5,6,7,7,6,7,7,7,5,7,6,6,7,7,1,1,4,4,4,2,5,5,5,3,7,2,5,5,6,4,3,2,5,1,4,2,4,4,4,3,7,6,6,6,2,1,1,1,1,1,4,6,5,6,4,4,4,3,5,4,0,4,4,3,4,1,4
"246",1,4,1,6,6,4,4,4,1,4,5,4,6,4,4,4,4,3,3,3,3,3,3,3,3,2,2,2,4,4,3,5,4,2,3,4,4,6,6,6,6,4,4,4,4,4,5,4,5,5,5,4,4,4,4,4,4,4,5,5,5,7,7,6,6,5,4,4,5,4,4,5,4,4,4,7,7,7,7,7,7,7,7,7,7,7,7,7,6,6,7,6,1,1,1,1,5,5,3,7,5,4
"247",1,1,2,4,4,4,5,5,5,4,5,5,4,4,5,5,7,2,2,1,1,1,1,1,1,1,1,1,2,1,2,2,3,2,2,2,3,5,5,5,4,6,5,4,4,3,4,4,5,5,3,3,3,3,2,2,4,4,4,4,4,6,5,5,5,4,4,5,5,4,5,5,5,5,6,4,3,4,5,4,4,4,4,4,4,2,2,2,5,1,1,1,1,1,5,1,4,5,1,1,1,1
"248",1,2,1,5,5,2,7,7,7,6,5,5,5,4,5,5,2,4,2,3,3,2,1,1,1,6,5,5,7,5,6,6,6,6,5,6,5,6,7,7,7,6,6,6,7,6,7,6,4,4,4,4,4,4,5,4,4,4,3,4,4,6,4,6,4,4,5,5,3,4,4,6,5,5,4,4,3,6,5,2,2,2,3,3,3,4,4,4,7,6,6,6,2,4,6,0,5,5,1,5,1,3
"249",1,2,1,2,1,1,2,2,2,7,7,6,6,7,7,7,6,7,7,7,7,7,7,7,7,7,7,7,7,7,7,7,7,6,7,7,7,6,7,7,7,6,6,7,7,5,7,5,4,6,6,4,4,4,4,5,4,4,7,7,5,3,2,3,3,5,6,7,6,6,6,5,6,6,7,1,1,7,7,1,1,1,3,2,2,7,1,5,4,2,2,2,2,6,2,1,3,5,5,7,1,5
"250",1,1,2,4,3,3,7,7,7,7,7,7,7,4,6,6,6,4,4,1,1,1,1,1,1,4,1,1,1,1,1,1,1,1,1,1,1,1,1,1,1,1,1,1,1,1,4,4,4,4,4,6,5,5,1,6,4,4,1,1,1,7,7,7,7,7,7,7,4,7,4,6,7,7,4,7,7,7,5,6,6,6,4,4,4,1,1,1,5,1,1,1,1,1,1,1,5,7,1,1,1,7
"251",1,1,2,4,4,5,3,3,5,4,2,5,5,5,4,4,5,6,6,5,5,5,6,5,6,5,7,5,4,3,3,3,3,3,4,2,3,3,2,3,3,2,2,2,2,1,4,3,3,4,5,4,4,4,4,4,4,5,4,5,5,3,4,2,4,5,5,3,3,3,3,3,3,3,2,1,1,1,1,3,3,3,4,4,3,5,5,6,4,3,5,4,4,6,5,1,3,1,2,5,3,4
"252",1,3,2,5,5,5,4,4,4,6,7,4,4,2,4,3,2,3,4,4,3,2,1,1,1,1,1,1,2,7,5,5,4,4,4,3,1,4,6,6,4,5,4,5,5,5,3,4,4,3,3,4,4,4,2,4,4,4,3,3,4,3,3,4,3,5,5,5,5,5,5,5,6,5,4,6,3,5,5,6,5,6,4,5,5,6,2,5,6,2,2,2,2,1,4,0,5,12,1,1,1,2
"253",1,2,1,4,3,2,6,6,6,6,6,4,6,2,2,2,2,2,2,2,2,2,1,4,2,1,1,1,1,1,1,1,1,1,1,1,1,1,1,1,1,4,1,4,2,2,2,4,3,3,3,4,4,4,4,4,4,4,4,5,4,7,7,6,4,6,6,6,6,6,6,4,5,4,2,6,6,6,6,6,6,6,5,5,5,6,6,6,7,1,1,1,1,1,1,1,5,3,3,5,2,4
"254",1,4,1,5,5,2,6,5,6,5,5,3,5,4,3,2,4,6,6,6,5,5,2,3,2,3,2,1,4,2,5,5,5,5,5,3,3,6,5,5,3,5,3,2,5,7,2,5,5,1,1,4,4,5,4,4,2,4,7,7,5,3,3,3,2,6,5,6,4,4,4,6,5,5,2,5,5,6,6,5,5,5,6,6,6,1,2,3,7,1,2,1,2,2,4,1,3,5,1,6,1,2
"255",1,9,1,1,1,1,7,7,7,7,7,7,7,1,1,1,1,4,1,1,4,7,6,7,7,7,7,6,7,7,7,6,6,1,1,1,1,2,2,2,5,2,3,7,1,1,6,4,4,5,5,1,1,4,5,4,5,4,5,6,2,7,7,7,6,7,7,7,1,7,7,7,7,7,7,5,5,6,7,6,1,4,7,7,7,4,7,6,7,1,4,5,1,1,6,1,6,9,2,3,1,3
"256",1,2,1,4,4,4,1,1,1,2,3,2,2,2,3,2,3,4,6,4,6,6,6,7,6,6,6,6,4,6,6,6,6,6,5,6,5,6,6,5,4,3,2,4,5,3,4,4,4,4,4,4,4,4,4,4,4,4,5,5,5,2,2,2,4,5,5,4,3,3,3,3,3,3,5,1,1,1,1,1,1,1,4,4,4,7,7,3,6,4,4,4,4,4,2,1,4,11,2,7,1,5
"257",1,2,1,7,7,7,4,4,4,4,6,5,4,5,3,4,4,5,4,5,4,4,6,4,3,3,5,3,4,3,4,4,3,3,5,6,3,3,4,4,3,6,3,5,2,4,3,5,3,6,3,2,6,4,3,6,3,5,3,4,2,3,7,4,4,3,6,3,2,6,4,3,3,6,4,3,5,4,3,3,6,3,2,5,3,4,3,5,7,2,4,3,6,3,4,1,2,2,4,3,6,7
"258",1,4,2,7,7,7,7,7,7,1,4,1,1,1,1,1,1,1,1,1,1,1,1,1,1,1,1,1,1,1,1,1,1,1,1,1,1,1,1,1,1,1,1,1,1,1,1,1,1,1,1,7,7,7,7,7,7,7,7,7,7,7,7,7,7,1,1,1,1,1,1,4,4,4,1,7,7,7,7,7,7,7,7,7,7,7,4,7,5,7,7,7,7,7,7,1,5,5,1,3,1,4
"259",1,2,1,1,1,1,1,1,2,6,7,7,7,5,6,6,7,4,4,4,3,1,1,1,1,4,3,6,7,7,7,7,6,7,7,7,7,6,7,7,7,6,7,7,4,7,5,4,5,6,4,4,3,4,4,4,4,3,3,2,2,2,2,3,1,6,5,7,7,5,5,4,7,7,7,4,3,5,6,2,2,2,1,1,1,3,1,2,7,1,2,4,1,1,1,1,4,1,1,1,1,1
"260",1,1,2,6,6,6,7,5,4,7,7,4,6,5,6,6,6,2,2,1,2,1,1,1,1,1,1,1,1,1,1,1,1,2,4,4,2,3,3,4,2,3,2,2,2,3,4,3,4,4,4,7,7,7,5,5,5,5,3,1,1,7,7,7,6,6,5,6,6,6,6,6,7,7,4,7,7,7,7,4,4,4,4,4,4,2,2,2,3,2,1,1,2,1,5,1,5,4,3,5,7,4
"261",1,2,1,4,4,3,7,7,7,7,7,7,7,7,7,7,6,4,4,4,4,1,1,1,1,1,1,1,7,1,7,5,5,5,7,7,6,7,7,7,7,7,7,7,7,4,5,7,1,1,1,5,5,7,7,7,7,7,1,1,1,7,7,7,7,7,7,7,4,4,4,7,7,7,7,7,5,7,7,4,4,4,4,4,4,4,4,5,7,4,5,7,4,4,7,0,5,3,2,3,1,4
"262",1,1,2,4,4,3,4,4,5,6,7,6,6,4,5,5,5,2,2,2,2,4,3,4,2,4,4,4,5,4,3,3,1,1,1,1,1,1,3,3,2,2,2,2,4,4,4,4,4,4,4,4,4,4,4,4,5,4,4,4,4,6,6,6,5,5,5,5,5,5,5,5,6,5,2,6,6,7,6,4,4,4,4,4,4,1,1,1,4,2,3,2,2,2,5,0,6,5,3,6,2,3
"263",1,1,2,6,6,6,6,6,6,4,4,4,4,4,4,4,4,2,2,2,2,4,4,4,4,4,4,4,4,4,4,4,4,5,5,5,5,5,5,5,5,5,5,5,5,5,5,5,5,5,5,6,6,6,6,6,6,6,6,6,6,7,7,7,7,6,6,6,6,6,6,6,6,6,6,3,5,5,5,5,5,5,5,5,5,5,5,5,4,2,2,2,4,4,5,0,6,6,1,2,2,2
"264",1,2,1,3,3,1,3,3,3,4,5,4,5,3,3,3,6,4,6,6,7,6,6,6,6,7,7,7,7,7,5,5,6,5,5,5,7,3,3,3,3,3,5,6,7,2,5,3,6,6,5,7,7,7,7,7,6,6,3,2,2,2,3,3,2,4,4,4,4,4,4,4,4,4,4,1,1,4,5,2,2,2,4,4,4,4,3,3,7,4,4,4,3,4,4,1,2,1,3,4,1,6
"265",1,1,2,3,3,4,4,4,4,2,3,3,3,4,3,4,2,5,6,6,6,4,6,6,6,6,6,6,6,6,3,4,3,3,5,6,7,3,3,3,4,2,2,2,6,4,4,4,4,4,4,4,4,4,4,4,4,4,4,4,4,1,1,1,3,3,3,3,4,4,4,4,4,4,3,4,5,2,2,4,4,4,4,4,4,6,6,7,4,5,6,6,7,7,2,1,4,7,7,7,3,5
"266",1,1,2,5,6,4,5,4,3,2,3,3,3,2,4,4,1,1,1,2,1,5,2,6,2,2,1,2,2,1,1,1,1,2,2,2,1,2,3,1,2,6,6,3,4,6,5,3,5,5,5,1,1,1,4,2,3,3,2,2,2,5,6,6,5,3,3,5,2,5,5,5,5,5,3,6,6,7,7,5,5,5,4,4,4,2,4,5,4,3,3,2,2,1,5,1,6,5,1,5,2,3
"267",1,2,1,3,3,3,6,2,5,5,5,4,5,2,5,3,6,3,4,5,4,2,3,3,5,5,4,5,5,4,5,5,5,5,5,5,5,5,5,5,5,5,5,5,5,4,4,4,4,3,3,5,5,5,5,5,5,5,7,7,6,7,7,7,7,4,4,6,3,5,5,5,5,5,5,3,4,5,6,3,3,3,4,4,4,3,5,5,7,1,1,1,2,2,3,1,4,8,2,6,3,4
"268",1,1,2,5,5,5,3,4,4,4,6,4,4,3,3,3,4,2,2,2,1,1,1,4,1,1,1,1,4,6,4,4,4,3,2,2,1,3,5,4,2,2,4,3,4,5,3,4,4,4,3,1,2,2,1,1,1,1,1,1,1,6,6,5,3,7,7,7,3,4,3,3,5,5,3,6,5,6,6,6,6,6,4,4,4,1,1,1,4,1,1,2,1,1,1,1,4,5,1,7,4,3
"269",1,1,2,6,3,6,3,4,3,3,2,3,5,5,2,3,1,5,6,7,7,3,7,7,7,6,7,3,3,2,2,3,1,1,5,2,5,1,1,1,4,2,5,3,2,1,1,1,1,5,7,3,3,4,3,3,3,3,2,6,7,1,1,1,1,3,3,2,1,2,2,1,1,1,1,1,3,1,1,4,4,3,3,6,6,7,4,5,3,4,2,3,5,7,3,1,3,5,1,4,1,5
"270",1,1,2,2,3,6,4,4,4,6,6,4,4,7,4,3,2,4,7,4,7,4,4,7,1,3,6,4,4,4,3,4,6,4,7,5,6,6,5,4,6,5,4,4,5,2,2,4,6,4,4,4,4,4,4,4,4,4,4,4,4,2,5,2,2,5,6,7,6,4,7,2,4,2,3,2,2,2,2,4,4,3,6,2,5,7,6,7,4,4,7,6,4,7,7,1,3,3,1,1,1,3
"271",1,4,1,3,5,4,5,5,4,5,3,4,6,4,5,2,4,5,5,4,5,4,4,3,4,5,6,5,3,3,3,4,4,4,5,5,5,5,4,3,4,6,3,5,4,4,4,3,4,4,3,2,5,3,4,5,3,4,4,4,3,3,3,5,4,5,3,4,3,5,4,4,4,4,3,7,6,5,6,5,4,6,6,4,4,3,5,5,7,5,2,4,4,4,4,0,3,3,2,6,1,4
"272",1,8,1,4,4,7,5,5,5,7,7,6,6,4,4,4,4,7,7,7,7,4,4,4,4,7,7,7,7,4,4,4,4,7,7,7,6,6,6,3,3,4,4,4,7,7,7,4,4,4,4,7,7,7,7,6,6,6,7,7,7,4,4,4,4,4,4,4,4,4,4,4,5,5,5,4,4,4,4,4,4,4,4,4,4,4,4,4,2,4,4,4,5,5,5,1,3,4,2,3,1,2
"273",1,2,1,5,5,6,7,6,7,2,1,5,2,6,5,7,7,2,2,3,1,2,1,6,1,6,2,2,3,2,1,5,1,5,5,6,4,7,6,6,7,6,5,2,4,5,3,3,4,5,5,4,4,4,5,5,5,6,2,5,5,7,5,7,7,7,6,7,7,7,5,7,7,6,3,5,5,6,7,6,5,7,3,5,6,1,2,1,5,3,2,3,6,1,6,1,3,1,2,2,1,5
"274",1,3,2,5,5,4,6,5,6,5,6,4,5,4,3,4,5,3,3,3,2,4,2,6,1,2,1,1,2,2,2,3,3,3,4,2,3,5,6,5,5,7,6,6,4,7,4,4,4,3,2,4,4,4,2,2,2,2,2,4,1,4,2,6,2,4,5,6,3,4,3,4,4,4,5,5,2,5,5,4,4,4,4,4,4,2,2,4,7,3,5,3,1,1,2,0,5,6,1,3,3,4
"275",1,2,1,5,4,4,3,4,4,3,5,2,3,1,4,2,5,3,3,2,2,2,2,3,2,3,2,2,2,2,1,1,3,5,3,4,3,3,3,3,2,5,5,3,2,4,3,2,2,2,2,4,4,4,1,4,3,3,3,5,4,5,5,4,3,6,6,6,2,2,2,4,3,4,2,5,3,5,3,5,5,5,5,5,6,2,3,5,7,2,2,3,1,1,2,1,4,3,1,2,1,3
"276",1,1,2,4,7,4,4,7,6,5,7,7,6,7,6,7,6,6,5,7,6,4,5,6,5,5,5,6,5,6,6,7,6,6,5,5,6,5,5,6,6,6,6,5,7,6,6,7,6,6,6,3,4,4,5,5,4,5,5,5,5,6,6,5,6,5,5,7,6,6,7,6,6,6,5,4,4,6,6,6,6,6,6,5,6,6,6,5,3,4,5,5,5,4,5,0,2,16,5,7,6,5
"277",1,9,2,6,5,3,7,6,6,4,5,5,4,3,2,3,4,3,2,3,2,2,5,3,4,4,3,3,4,3,5,5,5,5,5,2,3,6,6,5,5,5,5,5,3,4,4,3,4,3,3,6,5,5,6,6,7,6,6,7,7,7,6,6,5,5,5,4,5,5,5,6,6,6,3,5,4,7,4,4,3,5,6,5,5,3,4,5,7,5,5,5,2,4,6,1,5,2,4,3,1,3
"278",1,2,1,1,1,1,1,1,1,7,7,7,7,4,4,4,4,4,4,4,4,2,1,2,1,3,1,1,1,3,5,5,5,5,5,5,5,6,6,6,7,5,4,7,4,4,4,5,5,3,3,4,4,4,4,4,4,4,4,4,4,6,6,6,6,7,7,7,5,5,5,5,6,6,5,5,4,4,5,1,1,1,2,2,2,1,7,1,6,1,1,1,1,1,1,1,5,9,2,5,1,3
"279",1,5,2,6,7,6,4,4,4,2,2,4,4,4,4,4,4,3,4,4,5,4,4,5,6,4,4,4,5,5,4,4,4,6,5,5,6,5,5,5,6,6,5,5,6,5,5,6,5,5,6,6,5,6,5,5,6,6,6,5,5,5,6,6,6,5,5,6,6,6,5,6,6,5,5,6,5,6,6,6,5,5,6,5,5,6,5,6,2,5,5,5,6,5,5,0,4,16,1,1,1,2
"280",1,2,1,1,1,1,7,7,6,6,5,6,7,6,6,6,5,4,4,4,4,4,4,4,4,4,4,4,4,4,4,4,4,4,4,4,4,6,6,7,5,4,5,4,4,7,6,4,4,4,4,4,4,4,5,4,6,4,4,4,5,7,7,7,7,4,4,3,5,3,3,6,7,7,2,7,7,7,7,6,3,4,4,4,4,1,1,1,6,2,2,2,5,5,7,1,4,3,7,7,2,4
"281",1,2,1,4,4,4,7,7,7,7,7,6,7,4,4,4,7,1,1,1,1,1,1,4,2,1,1,1,1,4,2,2,2,3,2,6,4,3,2,2,2,3,3,6,5,4,3,6,4,4,2,4,4,4,4,4,4,4,4,7,5,7,6,6,4,5,5,5,2,4,2,7,7,7,5,6,6,7,7,6,7,7,4,4,4,2,7,6,6,7,6,6,4,4,4,1,6,2,3,7,1,5
"282",1,1,2,6,6,5,6,6,6,6,6,4,4,4,5,6,6,2,2,2,2,4,2,4,3,3,2,3,4,3,5,5,5,6,5,6,6,6,7,7,7,7,7,7,5,6,5,7,7,4,4,6,5,6,5,5,6,4,4,4,4,7,7,6,7,5,6,7,6,7,7,7,7,7,7,6,6,7,7,5,5,3,4,4,3,1,1,1,4,5,5,6,5,4,4,1,5,11,3,7,7,4
"283",1,4,2,5,5,5,4,4,4,4,4,4,4,4,4,4,4,3,3,4,3,4,3,4,4,4,3,3,4,4,3,3,4,3,4,4,3,4,4,4,4,6,5,4,4,4,4,4,4,4,4,4,4,4,4,4,4,4,4,4,4,5,5,5,4,4,4,4,4,4,4,4,4,4,4,5,5,6,4,4,4,4,4,4,4,4,4,4,5,5,4,5,4,4,4,1,3,7,3,4,1,3
"284",1,1,2,1,1,1,7,7,7,7,7,7,7,7,7,7,7,1,3,3,4,1,1,1,1,1,1,4,7,1,1,1,1,1,1,1,1,1,1,1,1,1,1,1,1,1,1,1,1,1,1,4,4,4,4,4,4,4,1,1,1,7,7,7,7,7,7,7,7,7,7,7,7,7,1,7,7,7,7,7,7,7,1,1,1,6,6,6,1,5,5,2,1,3,7,1,5,10,3,5,5,4
"285",1,2,1,1,1,1,4,1,1,5,7,7,7,1,1,1,4,1,1,1,1,1,1,4,1,1,1,1,5,1,1,1,1,3,1,2,1,1,1,2,1,5,1,2,4,7,4,4,1,1,1,4,4,4,1,1,1,1,1,1,1,1,1,4,6,3,3,6,1,1,1,1,4,1,1,7,7,7,7,7,7,7,4,4,4,1,3,2,4,1,1,1,1,1,1,0,2,8,1,1,1,3
"286",1,1,2,2,2,2,4,4,4,6,6,5,6,7,7,7,5,4,4,4,4,4,4,4,4,4,4,4,4,4,4,4,4,6,4,6,4,5,6,6,6,4,4,6,4,6,4,5,4,4,4,4,4,4,4,4,4,4,4,2,2,7,7,7,7,4,4,4,5,5,5,6,7,7,4,5,5,7,6,4,4,4,4,4,4,1,1,1,4,4,2,2,4,4,4,1,5,16,1,2,2,4
"287",1,1,2,2,2,2,5,5,5,5,5,5,5,5,5,5,6,3,3,3,3,2,2,2,2,2,2,2,5,1,1,1,1,2,2,2,2,2,2,2,2,5,4,3,2,2,5,5,5,2,2,4,4,4,3,3,3,3,3,3,3,5,5,5,2,5,5,5,5,5,5,5,5,5,2,7,7,7,7,6,6,6,2,2,2,5,5,5,4,2,2,2,2,2,2,0,4,7,3,5,5,4
"288",1,9,2,6,6,1,4,1,1,1,1,1,1,1,1,1,1,1,1,1,1,1,1,1,1,1,1,1,1,1,1,1,7,1,1,1,1,5,6,6,4,7,5,3,4,5,1,1,1,1,1,4,4,4,1,1,1,1,1,1,1,1,1,1,1,1,4,4,1,1,1,1,1,1,1,5,1,4,3,4,4,4,6,7,7,1,1,4,6,1,1,1,1,1,4,1,5,6,1,2,1,1
"289",1,4,2,4,3,5,4,4,4,4,5,4,5,5,4,5,4,4,3,4,5,4,5,4,3,5,6,5,3,4,5,6,5,4,5,5,4,5,6,4,4,5,4,3,5,4,3,4,5,5,4,4,5,4,5,4,5,4,4,5,4,4,5,4,5,4,5,4,4,3,5,4,4,5,5,3,4,5,5,4,3,3,4,5,4,3,4,5,6,4,5,5,4,5,5,0,3,11,4,3,1,7
"290",1,2,1,2,1,1,7,7,7,7,7,7,7,7,7,7,4,5,2,5,7,3,1,3,3,6,5,7,7,4,2,3,1,2,2,2,2,4,3,3,5,1,2,4,6,5,7,5,6,3,1,4,4,4,5,5,6,6,1,1,1,7,7,6,6,7,7,7,5,3,4,5,6,7,1,7,7,7,7,5,5,5,1,1,1,6,7,7,6,5,6,6,4,4,4,1,4,12,2,6,4,4
"291",1,2,1,7,7,6,6,6,6,3,3,4,4,1,1,1,1,1,1,1,1,1,1,1,1,1,1,1,1,1,1,1,1,1,1,1,1,1,1,1,1,6,5,2,1,1,1,1,1,1,1,2,2,2,2,4,4,4,1,1,1,7,7,7,7,1,1,1,1,1,1,1,7,7,1,7,7,7,7,7,7,7,4,4,4,1,1,1,6,7,7,7,1,1,1,1,5,7,5,7,1,6
"292",1,1,2,1,1,1,3,2,2,2,7,1,7,4,6,4,4,3,3,3,3,3,3,2,1,2,3,2,3,1,2,2,2,3,3,3,3,3,3,5,4,3,3,4,3,3,3,7,4,3,3,3,3,3,1,1,1,1,3,3,3,4,4,4,1,7,7,7,6,6,6,6,6,4,1,5,4,6,7,6,5,5,3,3,3,1,1,1,5,1,5,1,1,1,1,0,4,3,1,4,4,3
"293",1,2,1,4,4,4,6,6,6,6,6,6,6,6,6,6,6,4,4,4,4,4,4,4,4,4,4,4,4,3,3,3,3,3,3,3,3,3,4,4,4,4,4,4,4,4,4,4,4,4,4,6,6,6,6,6,6,6,5,5,5,7,7,7,7,7,7,7,7,7,7,7,7,7,7,7,7,7,7,4,4,4,4,4,4,5,3,5,6,5,5,5,6,6,6,0,5,4,1,1,1,4
"294",1,1,2,4,4,4,4,4,4,6,6,4,6,2,4,4,2,2,2,2,2,2,2,2,2,2,2,2,2,2,2,2,2,2,2,2,2,2,2,2,2,2,2,2,2,2,2,2,2,2,2,4,4,4,4,4,4,4,4,4,4,4,4,4,4,2,2,2,2,2,2,2,2,2,2,6,6,6,6,6,6,6,4,4,4,4,4,4,2,4,4,4,4,4,4,1,5,16,2,7,2,2
"295",1,2,1,2,2,3,6,5,5,6,6,4,5,2,4,5,5,4,4,3,3,4,2,4,3,3,4,3,5,6,5,4,4,5,3,6,4,5,5,5,6,6,5,6,4,6,4,5,4,5,5,4,4,4,5,4,4,4,4,4,4,5,4,3,4,3,4,3,3,3,3,4,2,4,3,2,3,4,4,3,3,4,5,6,4,6,4,4,5,5,6,3,4,5,4,1,3,4,1,4,1,4
"296",1,2,1,7,7,7,4,4,4,2,5,4,3,4,5,4,4,1,1,1,1,1,1,4,1,2,1,1,1,1,5,5,2,3,4,4,1,5,2,1,2,4,5,6,1,1,1,1,1,1,1,5,4,3,3,3,2,3,4,3,5,4,4,4,4,4,4,4,4,6,6,6,7,3,1,7,7,7,7,7,7,7,4,4,5,1,1,1,7,1,1,1,5,1,7,1,5,2,2,7,4,1
"297",1,2,1,5,5,3,4,3,4,3,5,4,4,3,4,4,5,3,3,4,2,2,2,2,2,2,3,3,4,4,4,5,5,2,3,4,3,5,5,5,5,5,5,2,4,5,4,4,3,3,4,3,2,3,2,2,3,2,4,5,5,6,5,5,4,5,4,5,4,5,5,4,4,3,3,5,4,5,5,5,5,5,4,4,4,2,3,2,6,3,4,5,2,2,4,0,5,7,4,3,2,2
"298",1,1,2,7,6,6,7,7,6,5,7,7,6,7,6,6,7,2,3,4,3,7,5,5,6,3,5,4,5,7,6,6,5,6,5,7,7,3,4,5,4,7,7,4,6,6,4,6,4,4,6,4,5,5,6,6,5,4,4,6,6,6,5,7,7,4,5,6,5,5,4,6,7,6,7,5,4,7,7,6,6,7,4,4,5,6,5,4,4,5,3,5,5,4,4,0,3,11,3,7,7,4
"299",1,1,2,1,1,1,7,7,7,7,7,7,7,7,7,7,1,1,7,7,7,1,1,1,1,1,1,1,1,1,1,1,1,1,1,1,1,1,1,1,1,1,1,1,1,1,1,1,7,7,7,7,7,4,6,4,7,7,1,1,1,7,7,7,7,7,7,7,7,7,7,7,7,7,7,7,7,7,7,4,4,4,4,2,1,2,2,1,4,2,3,1,2,5,7,1,2,9,2,6,6,1
"300",1,2,1,4,4,4,7,7,7,7,7,7,7,4,6,2,6,7,5,5,3,1,1,1,1,1,1,1,1,4,4,4,3,1,1,7,7,4,4,2,1,6,6,7,7,7,7,1,1,1,1,6,6,6,6,6,6,3,1,1,1,7,7,7,7,7,7,7,7,7,7,7,7,7,7,7,7,7,7,4,4,4,4,4,4,2,2,2,7,2,2,2,4,2,7,1,4,1,1,1,1,7
